/*
    Devansh Desai & Kevin Zhang
    dmd113 / kwz5
    CS 1555 - Pitt Tours Term Project
    11/28/2016
*/

INSERT INTO Airline VALUES('00001', 'American Airlines', 'AAL', 1936);
INSERT INTO Airline VALUES('00002', 'United Airlines', 'UAL', 1931);
INSERT INTO Airline VALUES('00003', 'Delta Air Lines', 'DAL', 1924);
INSERT INTO Airline VALUES('00004', 'All Nippon Airlines', 'ANA', 1952);
INSERT INTO Airline VALUES('00005', 'American Eagle Airlines', 'EGF', 1979);
INSERT INTO Airline VALUES('00006', 'Southwest Airlines', 'SWA', 1946);
INSERT INTO Airline VALUES('00007', 'SunExpress', 'SXS', 1993);
INSERT INTO Airline VALUES('00008', 'Virgin America', 'VRD', 1952);
INSERT INTO Airline VALUES('00009', 'US Airways', 'AWE', 1960);
INSERT INTO Airline VALUES('00010', 'United Parcel Service', 'UPS', 1907);

INSERT INTO Plane VALUES ('A254', 'Airbus', 184, TO_DATE('04-06-2001','MM-DD-YYYY'), 1969, '00001');
INSERT INTO Plane VALUES ('N794', 'Northrop', 145, TO_DATE('08-03-2012','MM-DD-YYYY'), 1966, '00001');
INSERT INTO Plane VALUES ('C836', 'Cessna', 185, TO_DATE('12-13-2013','MM-DD-YYYY'), 1961, '00001');
INSERT INTO Plane VALUES ('C638', 'Cessna', 89, TO_DATE('06-06-2016','MM-DD-YYYY'), 1990, '00002');
INSERT INTO Plane VALUES ('C174', 'Cessna', 134, TO_DATE('08-18-2001','MM-DD-YYYY'), 1978, '00002');
INSERT INTO Plane VALUES ('E456', 'Embraer', 107, TO_DATE('06-04-2000','MM-DD-YYYY'), 1968, '00002');
INSERT INTO Plane VALUES ('A411', 'Airbus', 135, TO_DATE('02-20-2007','MM-DD-YYYY'), 1983, '00003');
INSERT INTO Plane VALUES ('B723', 'Bombardier', 220, TO_DATE('02-18-2002','MM-DD-YYYY'), 2011, '00003');
INSERT INTO Plane VALUES ('E651', 'Embraer', 196, TO_DATE('12-07-2015','MM-DD-YYYY'), 1954, '00003');
INSERT INTO Plane VALUES ('B734', 'Bombardier', 169, TO_DATE('07-09-2015','MM-DD-YYYY'), 1967, '00004');
INSERT INTO Plane VALUES ('N226', 'Northrop', 64, TO_DATE('08-10-2016','MM-DD-YYYY'), 2000, '00004');
INSERT INTO Plane VALUES ('B341', 'Bombardier', 94, TO_DATE('12-04-2007','MM-DD-YYYY'), 1994, '00004');
INSERT INTO Plane VALUES ('B111', 'Bombardier', 250, TO_DATE('06-03-2013','MM-DD-YYYY'), 2012, '00005');
INSERT INTO Plane VALUES ('B711', 'Bombardier', 161, TO_DATE('02-12-2006','MM-DD-YYYY'), 1979, '00005');
INSERT INTO Plane VALUES ('A490', 'Airbus', 154, TO_DATE('07-25-2008','MM-DD-YYYY'), 1970, '00005');
INSERT INTO Plane VALUES ('A641', 'Airbus', 146, TO_DATE('10-01-2016','MM-DD-YYYY'), 1968, '00006');
INSERT INTO Plane VALUES ('E899', 'Embraer', 127, TO_DATE('02-05-2008','MM-DD-YYYY'), 1963, '00006');
INSERT INTO Plane VALUES ('A779', 'Airbus', 204, TO_DATE('07-10-2008','MM-DD-YYYY'), 1992, '00006');
INSERT INTO Plane VALUES ('A736', 'Airbus', 154, TO_DATE('07-09-2005','MM-DD-YYYY'), 1960, '00007');
INSERT INTO Plane VALUES ('C970', 'Cessna', 163, TO_DATE('09-12-2003','MM-DD-YYYY'), 1964, '00007');
INSERT INTO Plane VALUES ('C208', 'Cessna', 68, TO_DATE('07-25-2007','MM-DD-YYYY'), 1970, '00007');
INSERT INTO Plane VALUES ('A714', 'Airbus', 38, TO_DATE('06-05-2010','MM-DD-YYYY'), 1971, '00008');
INSERT INTO Plane VALUES ('E178', 'Embraer', 87, TO_DATE('09-11-2009','MM-DD-YYYY'), 1988, '00008');
INSERT INTO Plane VALUES ('E364', 'Embraer', 38, TO_DATE('06-11-2009','MM-DD-YYYY'), 1955, '00008');
INSERT INTO Plane VALUES ('N816', 'Northrop', 80, TO_DATE('09-22-2009','MM-DD-YYYY'), 1987, '00009');
INSERT INTO Plane VALUES ('A226', 'Airbus', 212, TO_DATE('09-13-2005','MM-DD-YYYY'), 2013, '00009');
INSERT INTO Plane VALUES ('N319', 'Northrop', 94, TO_DATE('09-21-2001','MM-DD-YYYY'), 1992, '00009');
INSERT INTO Plane VALUES ('C701', 'Cessna', 64, TO_DATE('09-04-2002','MM-DD-YYYY'), 1958, '00010');
INSERT INTO Plane VALUES ('E919', 'Embraer', 184, TO_DATE('06-15-2015','MM-DD-YYYY'), 1990, '00010');
INSERT INTO Plane VALUES ('C380', 'Cessna', 220, TO_DATE('02-05-2005','MM-DD-YYYY'), 1954, '00010');

INSERT INTO Flight VALUES ('001', '00001' ,'A254', 'JFK', 'PIT', '0000', '0519', '-M-----');
INSERT INTO Flight VALUES ('002', '00001' ,'N794', 'PHL', 'PIT', '1004', '1744', '--TWTFS');
INSERT INTO Flight VALUES ('003', '00001' ,'C836', 'SFO', 'PIT', '0008', '0256', '-M-W--S');
INSERT INTO Flight VALUES ('004', '00002' ,'C638', 'LAX', 'PIT', '1040', '1651', '--TWTFS');
INSERT INTO Flight VALUES ('005', '00002' ,'C174', 'DFW', 'PIT', '0044', '0815', '-M-WT-S');
INSERT INTO Flight VALUES ('006', '00002' ,'E456', 'DCA', 'PIT', '1106', '1728', 'S-TWTFS');
INSERT INTO Flight VALUES ('007', '00003' ,'A411', 'DEA', 'PIT', '0133', '0245', '-MT-T-S');
INSERT INTO Flight VALUES ('008', '00003' ,'B723', 'ORD', 'PIT', '1134', '1248', 'S-TWTFS');
INSERT INTO Flight VALUES ('009', '00003' ,'E651', 'ORL', 'PIT', '0156', '0405', '-MT-T-S');
INSERT INTO Flight VALUES ('010', '00004', 'B734', 'JFK', 'PIT', '1100', '1349', 'SMTWTFS');
INSERT INTO Flight VALUES ('011', '00004', 'N226', 'PHL', 'PIT', '0145', '0723', '-M-WT-S');
INSERT INTO Flight VALUES ('012', '00004', 'B341', 'SFO', 'PIT', '1153', '1640', 'SMT-T-S');
INSERT INTO Flight VALUES ('013', '00005', 'B111', 'LAX', 'PIT', '0057', '0759', '-M-WT-S');
INSERT INTO Flight VALUES ('014', '00005', 'B711', 'DFW', 'PIT', '1150', '1805', 'SM--TFS');
INSERT INTO Flight VALUES ('015', '00005', 'A490', 'DCA', 'PIT', '0141', '0713', '-M-WT-S');
INSERT INTO Flight VALUES ('016', '00006', 'A641', 'DEA', 'PIT', '1055', '1402', 'S-TWTFS');
INSERT INTO Flight VALUES ('017', '00006', 'E899', 'ORD', 'PIT', '0054', '0557', '-MTW--S');
INSERT INTO Flight VALUES ('018', '00006', 'A779', 'ORL', 'PIT', '1047', '1330', 'SMT-T-S');
INSERT INTO Flight VALUES ('019', '00007', 'A736', 'JFK', 'PIT', '0017', '0549', '-M--T-S');
INSERT INTO Flight VALUES ('020', '00007', 'C970', 'PHL', 'PIT', '1117', '1416', 'SM--TFS');
INSERT INTO Flight VALUES ('021', '00007', 'C208', 'SFO', 'PIT', '0156', '0345', '---WT--');
INSERT INTO Flight VALUES ('022', '00008', 'A714', 'LAX', 'PIT', '1101', '1554', 'S-TWTFS');
INSERT INTO Flight VALUES ('023', '00008', 'E178', 'DFW', 'PIT', '0139', '0208', '-M-WT-S');
INSERT INTO Flight VALUES ('024', '00008', 'E364', 'DCA', 'PIT', '1149', '1344', 'SM-WTFS');
INSERT INTO Flight VALUES ('025', '00009', 'N816', 'DEA', 'PIT', '0013', '0729', '-MTWT-S');
INSERT INTO Flight VALUES ('026', '00009', 'A226', 'ORD', 'PIT', '1132', '1422', 'SM--TFS');
INSERT INTO Flight VALUES ('027', '00009', 'N319', 'ORL', 'PIT', '0131', '0204', '-MT-T-S');
INSERT INTO Flight VALUES ('028', '00010', 'C701', 'JFK', 'PIT', '1053', '1445', 'SM--TFS');
INSERT INTO Flight VALUES ('029', '00010', 'E919', 'PHL', 'PIT', '0108', '0508', '-MTWT-S');
INSERT INTO Flight VALUES ('030', '00010', 'C380', 'SFO', 'PIT', '1115', '1248', '-M-W-F-');
INSERT INTO Flight VALUES ('031', '00001', 'A254', 'LAX', 'PIT', '0143', '0522', '-MT-T-S');
INSERT INTO Flight VALUES ('032', '00001', 'N794', 'DFW', 'PIT', '1142', '1304', 'S--WTF-');
INSERT INTO Flight VALUES ('033', '00001', 'C836', 'DCA', 'PIT', '0150', '0317', '--TWT-S');
INSERT INTO Flight VALUES ('034', '00002', 'C638', 'DEA', 'PIT', '1134', '1820', 'S-TWTFS');
INSERT INTO Flight VALUES ('035', '00002', 'C174', 'ORD', 'PIT', '0148', '0624', '--TWT-S');
INSERT INTO Flight VALUES ('036', '00002', 'E456', 'ORL', 'PIT', '1157', '1740', 'S--WTF-');
INSERT INTO Flight VALUES ('037', '00003', 'A411', 'JFK', 'PIT', '0101', '0750', '-MTW--S');
INSERT INTO Flight VALUES ('038', '00003', 'B723', 'PHL', 'PIT', '1126', '1544', 'SMTWTFS');
INSERT INTO Flight VALUES ('039', '00003', 'E651', 'SFO', 'PIT', '0107', '0222', '---WT--');
INSERT INTO Flight VALUES ('040', '00004', 'B734', 'LAX', 'PIT', '1023', '1327', '-M-W-F-');
INSERT INTO Flight VALUES ('041', '00004', 'N226', 'DFW', 'PIT', '0005', '0338', '-MT-T-S');
INSERT INTO Flight VALUES ('042', '00004', 'B341', 'DCA', 'PIT', '1019', '1358', 'SM-WTFS');
INSERT INTO Flight VALUES ('043', '00005', 'B111', 'DEA', 'PIT', '0011', '0710', '--TWT-S');
INSERT INTO Flight VALUES ('044', '00005', 'B711', 'ORD', 'PIT', '1046', '1242', '--TWTFS');
INSERT INTO Flight VALUES ('045', '00005', 'A490', 'ORL', 'PIT', '0004', '0258', '-MTW--S');
INSERT INTO Flight VALUES ('046', '00006', 'A641', 'JFK', 'PIT', '1123', '1417', 'S--WTF-');
INSERT INTO Flight VALUES ('047', '00006', 'E899', 'PHL', 'PIT', '0127', '0537', '--TWT-S');
INSERT INTO Flight VALUES ('048', '00006', 'A779', 'SFO', 'PIT', '1157', '1455', 'S--WTF-');
INSERT INTO Flight VALUES ('049', '00007', 'A736', 'LAX', 'PIT', '0129', '0341', '-MT-T-S');
INSERT INTO Flight VALUES ('050', '00007', 'C970', 'DFW', 'PIT', '1107', '1329', 'SM-W-FS');
INSERT INTO Flight VALUES ('051', '00007', 'C208', 'DCA', 'PIT', '0044', '0725', '-M--T-S');
INSERT INTO Flight VALUES ('052', '00008', 'A714', 'DEA', 'PIT', '1104', '1506', '--TWTFS');
INSERT INTO Flight VALUES ('053', '00008', 'E178', 'ORD', 'PIT', '0111', '0229', '---WT--');
INSERT INTO Flight VALUES ('054', '00008', 'E364', 'ORL', 'PIT', '1101', '1744', 'SM--TFS');
INSERT INTO Flight VALUES ('055', '00009', 'N816', 'JFK', 'PIT', '0157', '0623', '---WT--');
INSERT INTO Flight VALUES ('056', '00009', 'A226', 'PHL', 'PIT', '1046', '1755', 'S--WTF-');
INSERT INTO Flight VALUES ('057', '00009', 'N319', 'SFO', 'PIT', '0048', '0733', '--TWT-S');
INSERT INTO Flight VALUES ('058', '00010', 'C701', 'LAX', 'PIT', '1002', '1311', 'SM-WTFS');
INSERT INTO Flight VALUES ('059', '00010', 'E919', 'DFW', 'PIT', '0025', '0310', '-MTW--S');
INSERT INTO Flight VALUES ('060', '00010', 'C380', 'DCA', 'PIT', '1039', '1535', '-M-WTFS');
INSERT INTO Flight VALUES ('101', '00001', 'A254', 'PIT', 'JFK', '0153', '0725', '-M-W---');
INSERT INTO Flight VALUES ('102', '00001', 'N794', 'PIT', 'PHL', '1145', '1354', '-M-W-F-');
INSERT INTO Flight VALUES ('103', '00001', 'C836', 'PIT', 'SFO', '0043', '0208', '-M--T-S');
INSERT INTO Flight VALUES ('104', '00002', 'C638', 'PIT', 'LAX', '1032', '1404', '--TWTFS');
INSERT INTO Flight VALUES ('105', '00002', 'C174', 'PIT', 'DFW', '0053', '0610', '--TWT-S');
INSERT INTO Flight VALUES ('106', '00002', 'E456', 'PIT', 'DCA', '1048', '1629', 'SMTWTFS');
INSERT INTO Flight VALUES ('107', '00003', 'A411', 'PIT', 'DEA', '0129', '0629', '-M-W--S');
INSERT INTO Flight VALUES ('108', '00003', 'B723', 'PIT', 'ORD', '1138', '1452', '-M-W-F-');
INSERT INTO Flight VALUES ('109', '00003', 'E651', 'PIT', 'ORL', '0044', '0445', '---WT--');
INSERT INTO Flight VALUES ('110', '00004', 'B734', 'PIT', 'JFK', '1058', '1627', 'SMT-T-S');
INSERT INTO Flight VALUES ('111', '00004', 'N226', 'PIT', 'PHL', '0152', '0338', '-M-W--S');
INSERT INTO Flight VALUES ('112', '00004', 'B341', 'PIT', 'SFO', '1033', '1242', 'SM--TFS');
INSERT INTO Flight VALUES ('113', '00005', 'B111', 'PIT', 'LAX', '0137', '0744', '-M-W---');
INSERT INTO Flight VALUES ('114', '00005', 'B711', 'PIT', 'DFW', '1122', '1530', 'S--WTF-');
INSERT INTO Flight VALUES ('115', '00005', 'A490', 'PIT', 'DCA', '0134', '0732', '-MT-T-S');
INSERT INTO Flight VALUES ('116', '00006', 'A641', 'PIT', 'DEA', '1050', '1706', 'S--WTF-');
INSERT INTO Flight VALUES ('117', '00006', 'E899', 'PIT', 'ORD', '0036', '0759', '--TWT-S');
INSERT INTO Flight VALUES ('118', '00006', 'A779', 'PIT', 'ORL', '1050', '1513', 'SM-WTFS');
INSERT INTO Flight VALUES ('119', '00007', 'A736', 'PIT', 'JFK', '0054', '0542', '-MT-T-S');
INSERT INTO Flight VALUES ('120', '00007', 'C970', 'PIT', 'PHL', '1132', '1231', 'SMTWTFS');
INSERT INTO Flight VALUES ('121', '00007', 'C208', 'PIT', 'SFO', '0125', '0454', '-MTWT-S');
INSERT INTO Flight VALUES ('122', '00008', 'A714', 'PIT', 'LAX', '1056', '1311', '-M-W-F-');
INSERT INTO Flight VALUES ('123', '00008', 'E178', 'PIT', 'DFW', '0037', '0613', '-M-WT-S');
INSERT INTO Flight VALUES ('124', '00008', 'E364', 'PIT', 'DCA', '1056', '1537', 'SM-WTFS');
INSERT INTO Flight VALUES ('125', '00009', 'N816', 'PIT', 'DEA', '0035', '0757', '--TWT-S');
INSERT INTO Flight VALUES ('126', '00009', 'A226', 'PIT', 'ORD', '1046', '1508', '--TWTFS');
INSERT INTO Flight VALUES ('127', '00009', 'N319', 'PIT', 'ORL', '0148', '0705', '-MTWT-S');
INSERT INTO Flight VALUES ('128', '00010', 'C701', 'PIT', 'JFK', '1119', '1504', '--TWTFS');
INSERT INTO Flight VALUES ('129', '00010', 'E919', 'PIT', 'PHL', '0157', '0810', '-MTWT-S');
INSERT INTO Flight VALUES ('130', '00010', 'C380', 'PIT', 'SFO', '1006', '1338', 'SM--TFS');
INSERT INTO Flight VALUES ('131', '00001', 'A254', 'PIT', 'LAX', '0143', '0653', '-MTW--S');
INSERT INTO Flight VALUES ('132', '00001', 'N794', 'PIT', 'DFW', '1126', '1746', 'SM--TFS');
INSERT INTO Flight VALUES ('133', '00001', 'C836', 'PIT', 'DCA', '0142', '0434', '-M-W---');
INSERT INTO Flight VALUES ('134', '00002', 'C638', 'PIT', 'DEA', '1004', '1514', 'SM-W-FS');
INSERT INTO Flight VALUES ('135', '00002', 'C174', 'PIT', 'ORD', '0053', '0532', '-MT-T-S');
INSERT INTO Flight VALUES ('136', '00002', 'E456', 'PIT', 'ORL', '1052', '1238', 'SMTWTFS');
INSERT INTO Flight VALUES ('137', '00003', 'A411', 'PIT', 'JFK', '0035', '0806', '-M--T-S');
INSERT INTO Flight VALUES ('138', '00003', 'B723', 'PIT', 'PHL', '1138', '1638', 'S-TWTFS');
INSERT INTO Flight VALUES ('139', '00003', 'E651', 'PIT', 'SFO', '0152', '0556', '-MTWT-S');
INSERT INTO Flight VALUES ('140', '00004', 'B734', 'PIT', 'LAX', '1004', '1240', 'SM--TFS');
INSERT INTO Flight VALUES ('141', '00004', 'N226', 'PIT', 'DFW', '0017', '0658', '-MTW--S');
INSERT INTO Flight VALUES ('142', '00004', 'B341', 'PIT', 'DCA', '1025', '1348', '--TWTFS');
INSERT INTO Flight VALUES ('143', '00005', 'B111', 'PIT', 'DEA', '0150', '0707', '-M-W---');
INSERT INTO Flight VALUES ('144', '00005', 'B711', 'PIT', 'ORD', '1046', '1429', 'SM-W-FS');
INSERT INTO Flight VALUES ('145', '00005', 'A490', 'PIT', 'ORL', '0002', '0355', '--TWT-S');
INSERT INTO Flight VALUES ('146', '00006', 'A641', 'PIT', 'JFK', '1104', '1729', '--TWTFS');
INSERT INTO Flight VALUES ('147', '00006', 'E899', 'PIT', 'PHL', '0103', '0659', '-MTWT-S');
INSERT INTO Flight VALUES ('148', '00006', 'A779', 'PIT', 'SFO', '1031', '1331', '-M-WTFS');
INSERT INTO Flight VALUES ('149', '00007', 'A736', 'PIT', 'LAX', '0135', '0625', '-M--T-S');
INSERT INTO Flight VALUES ('150', '00007', 'C970', 'PIT', 'DFW', '1150', '1738', 'SM-W-FS');
INSERT INTO Flight VALUES ('151', '00007', 'C208', 'PIT', 'DCA', '0021', '0343', '-M-W--S');
INSERT INTO Flight VALUES ('152', '00008', 'A714', 'PIT', 'DEA', '1005', '1732', 'SM-WTFS');
INSERT INTO Flight VALUES ('153', '00008', 'E178', 'PIT', 'ORD', '0058', '0456', '-M-W--S');
INSERT INTO Flight VALUES ('154', '00008', 'E364', 'PIT', 'ORL', '1149', '1534', 'SM-W-FS');
INSERT INTO Flight VALUES ('155', '00009', 'N816', 'PIT', 'JFK', '0132', '0410', '-M-W--S');
INSERT INTO Flight VALUES ('156', '00009', 'A226', 'PIT', 'PHL', '1129', '1814', 'SM-WTFS');
INSERT INTO Flight VALUES ('157', '00009', 'N319', 'PIT', 'SFO', '0150', '0227', '-M-WT-S');
INSERT INTO Flight VALUES ('158', '00010', 'C701', 'PIT', 'LAX', '1157', '1812', '-M-W-F-');
INSERT INTO Flight VALUES ('159', '00010', 'E919', 'PIT', 'DFW', '1058', '1751', 'SM-W-FS');
INSERT INTO Flight VALUES ('160', '00010', 'C380', 'PIT', 'DCA', '1037', '1250', 'SM--TFS');

INSERT INTO Customer VALUES ('963881655', 'Mrs', 'Gary', 'Hudson', '2014862854739734', TO_DATE('04-11-2017','MM-DD-YYYY'), 'Farmco', 'Gilbert', 'AZ', '6027161822', 'ghudson1@skype.com', '002');
INSERT INTO Customer VALUES ('956462865', 'Mrs', 'Dennis', 'Chapman', '3556029495760499', TO_DATE('05-30-2017','MM-DD-YYYY'), 'Grayhawk', 'Fort Lauderdale', 'FL', '7541343996', 'dchapman2@newsvine.com', null);
INSERT INTO Customer VALUES ('787776600', 'Mr', 'Thomas', 'King', '4508741498135803', TO_DATE('01-23-2018','MM-DD-YYYY'), 'Darwin', 'Minneapolis', 'MN', '6126274515', 'tking3@ox.ac.uk', null);
INSERT INTO Customer VALUES ('821992100', 'Ms', 'Edward', 'Howell', '5537603559358355', TO_DATE('03-20-2017','MM-DD-YYYY'), 'Blaine', 'Palmdale', 'CA', '6616465127', 'ehowell4@yale.edu', '001');
INSERT INTO Customer VALUES ('502364523', 'Ms', 'Laura', 'Carroll', '6759782071603364', TO_DATE('01-17-2017','MM-DD-YYYY'), 'Ridgeview', 'Oklahoma City', 'OK', '4059772120', 'lcarroll5@si.edu', null);
INSERT INTO Customer VALUES ('379219825', 'Ms', 'Paul', 'King', '4041599234399987', TO_DATE('12-20-2017','MM-DD-YYYY'), 'Anderson', 'Mesquite', 'TX', '9725773753', 'pking6@alibaba.com', '009');
INSERT INTO Customer VALUES ('010619315', 'Mr', 'Donald', 'Andrews', '2018515720306020', TO_DATE('07-10-2017','MM-DD-YYYY'), 'Dahle', 'Washington', 'DC', '2023580834', 'dandrews7@ebay.co.uk', '002');
INSERT INTO Customer VALUES ('193307006', 'Ms', 'Jason', 'Pierce', '3569781745100935', TO_DATE('09-26-2017','MM-DD-YYYY'), 'Arizona', 'Springfield', 'VA', '5718877971', 'jpierce8@bizjournals.com', null);
INSERT INTO Customer VALUES ('667639864', 'Mr', 'Norma', 'Boyd', '4017954979234597', TO_DATE('01-04-2017','MM-DD-YYYY'), 'Steensland', 'Richmond', 'VA', '8049774916', 'nboyd9@miitbeian.gov.cn', null);
INSERT INTO Customer VALUES ('271205321', 'Ms', 'Dennis', 'Morris', '5602213092033888', TO_DATE('02-12-2018','MM-DD-YYYY'), 'Armistice', 'Burbank', 'CA', '6267235452', 'dmorrisa@w3.org', null);
INSERT INTO Customer VALUES ('777458395', 'Mr', 'Melissa', 'Armstrong', '3572303968636407', TO_DATE('02-06-2017','MM-DD-YYYY'), 'Badeau', 'Brooksville', 'FL', '3521765857', 'marmstrongb@joomla.org', null);
INSERT INTO Customer VALUES ('536669866', 'Ms', 'Dorothy', 'Wagner', '5007668373951496', TO_DATE('02-20-2017','MM-DD-YYYY'), 'Hansons', 'Albany', 'NY', '5187370860', 'dwagnerc@sakura.ne.jp', null);
INSERT INTO Customer VALUES ('054433149', 'Mrs', 'Maria', 'Gutierrez', '6759702270192942', TO_DATE('09-07-2017','MM-DD-YYYY'), 'Cody', 'Anchorage', 'AK', '9078381304', 'mgutierrezd@vistaprint.com', null);
INSERT INTO Customer VALUES ('563012509', 'Mr', 'Ashley', 'Hamilton', '5460408464552980', TO_DATE('02-20-2017','MM-DD-YYYY'), 'Bayside', 'Sacramento', 'CA', '9162633918', 'ahamiltone@4shared.com', '006');
INSERT INTO Customer VALUES ('890842849', 'Mrs', 'Daniel', 'Holmes', '4508894525382276', TO_DATE('02-09-2017','MM-DD-YYYY'), 'Norway Maple', 'Everett', 'WA', '4253670836', 'dholmesf@feedburner.com', '007');
INSERT INTO Customer VALUES ('282446441', 'Mrs', 'Joyce', 'Welch', '3548959086090529', TO_DATE('03-03-2018','MM-DD-YYYY'), 'East', 'Colorado Springs', 'CO', '7194628092', 'jwelchg@theatlantic.com', null);
INSERT INTO Customer VALUES ('096467803', 'Mr', 'Christina', 'Medina', '3544637903049795', TO_DATE('12-30-2016','MM-DD-YYYY'), 'Messerschmidt', 'Carson City', 'NV', '7753082401', 'cmedinah@umich.edu', null);
INSERT INTO Customer VALUES ('280458081', 'Mr', 'Anthony', 'Howell', '3000174852203835', TO_DATE('01-21-2017','MM-DD-YYYY'), 'Reindahl', 'Houston', 'TX', '2817413825', 'ahowelli@reference.com', null);
INSERT INTO Customer VALUES ('792374361', 'Mrs', 'Joshua', 'Williamson', '3545280010893323', TO_DATE('01-28-2018','MM-DD-YYYY'), 'Dunning', 'Washington', 'DC', '2025272869', 'jwilliamsonj@spiegel.de', null);
INSERT INTO Customer VALUES ('430399890', 'Ms', 'Ronald', 'Ramirez', '3536140667490016', TO_DATE('02-27-2018','MM-DD-YYYY'), 'Huxley', 'Scottsdale', 'AZ', '4803914395', 'rramirezk@jiathis.com', null);
INSERT INTO Customer VALUES ('931045992', 'Mrs', 'Juan', 'Jackson', '6382250009623469', TO_DATE('11-22-2017','MM-DD-YYYY'), 'Northridge', 'North Hollywood', 'CA', '2139380016', 'jjacksonl@bigcartel.com', null);
INSERT INTO Customer VALUES ('322135986', 'Mrs', 'Mildred', 'Mason', '3573723355854074', TO_DATE('04-01-2018','MM-DD-YYYY'), 'Laurel', 'Omaha', 'NE', '4021784460', 'mmasonm@angelfire.com', null);
INSERT INTO Customer VALUES ('665429623', 'Mrs', 'Jacqueline', 'Brown', '4936630178985965', TO_DATE('06-22-2017','MM-DD-YYYY'), 'Schurz', 'Stamford', 'CT', '2032052646', 'jbrownn@bluehost.com', null);
INSERT INTO Customer VALUES ('664553282', 'Ms', 'Gerald', 'Howard', '3582981513414376', TO_DATE('08-07-2017','MM-DD-YYYY'), 'Stone Corner', 'Atlanta', 'GA', '4046254411', 'ghowardo@wix.com', '009');
INSERT INTO Customer VALUES ('757922254', 'Mr', 'Joseph', 'Kelley', '4844294369140620', TO_DATE('01-30-2017','MM-DD-YYYY'), 'Fair Oaks', 'Shawnee Mission', 'KS', '9137163893', 'jkelleyp@smugmug.com', null);
INSERT INTO Customer VALUES ('281148998', 'Mr', 'Rose', 'Wallace', '3581516880700857', TO_DATE('03-24-2017','MM-DD-YYYY'), 'Glendale', 'Philadelphia', 'PA', '6107459608', 'rwallaceq@sfgate.com', null);
INSERT INTO Customer VALUES ('137952080', 'Ms', 'Louis', 'Cole', '3576405806213418', TO_DATE('12-23-2016','MM-DD-YYYY'), 'Blackbird', 'Huntsville', 'AL', '2566730351', 'lcoler@paypal.com', null);
INSERT INTO Customer VALUES ('426951315', 'Ms', 'Debra', 'Frazier', '3558623936206910', TO_DATE('06-10-2017','MM-DD-YYYY'), 'Tennyson', 'Vancouver', 'WA', '3601895322', 'dfraziers@google.com.hk', '002');
INSERT INTO Customer VALUES ('678939328', 'Ms', 'George', 'King', '3575299914518102', TO_DATE('12-31-2017','MM-DD-YYYY'), 'Melby', 'Washington', 'DC', '2026572959', 'gkingt@spiegel.de', '010');
INSERT INTO Customer VALUES ('093542548', 'Mr', 'Russell', 'Bishop', '5010128018572863', TO_DATE('11-18-2017','MM-DD-YYYY'), 'Summerview', 'Boulder', 'CO', '3035153359', 'rbishopu@washingtonpost.com', null);
INSERT INTO Customer VALUES ('340658286', 'Mrs', 'Jacqueline', 'Stephens', '5195382862934441', TO_DATE('01-13-2018','MM-DD-YYYY'), 'Gateway', 'San Francisco', 'CA', '4159133941', 'jstephensv@cornell.edu', null);
INSERT INTO Customer VALUES ('576723425', 'Mr', 'David', 'Burton', '6334383987807171', TO_DATE('04-08-2017','MM-DD-YYYY'), 'Schmedeman', 'Mount Vernon', 'NY', '9144955360', 'dburtonw@youtu.be', null);
INSERT INTO Customer VALUES ('418556162', 'Mr', 'Stephen', 'Lynch', '5477751424910058', TO_DATE('03-18-2017','MM-DD-YYYY'), 'Raven', 'Lawrenceville', 'GA', '6783738071', 'slynchx@rediff.com', '009');
INSERT INTO Customer VALUES ('042991395', 'Mr', 'Sara', 'Graham', '2015538624550816', TO_DATE('12-18-2016','MM-DD-YYYY'), 'Loftsgordon', 'San Francisco', 'CA', '4155898319', 'sgrahamy@japanpost.jp', null);
INSERT INTO Customer VALUES ('652507280', 'Mr', 'Jonathan', 'Reid', '3587547532127508', TO_DATE('05-30-2017','MM-DD-YYYY'), 'Esker', 'Raleigh', 'NC', '9198586697', 'jreidz@va.gov', null);
INSERT INTO Customer VALUES ('830911707', 'Mr', 'Emily', 'Cunningham', '3542188476417938', TO_DATE('11-29-2016','MM-DD-YYYY'), 'Parkside', 'Oakland', 'CA', '5107390909', 'ecunningham10@ask.com', null);
INSERT INTO Customer VALUES ('015533405', 'Mr', 'Brandon', 'Rogers', '5602240389467963', TO_DATE('08-05-2017','MM-DD-YYYY'), 'Magdeline', 'Akron', 'OH', '3305489734', 'brogers11@printfriendly.com', '005');
INSERT INTO Customer VALUES ('730968982', 'Mrs', 'Nancy', 'King', '5018669855188887', TO_DATE('03-23-2017','MM-DD-YYYY'), 'Chive', 'Independence', 'MO', '8169631931', 'nking12@state.gov', '004');
INSERT INTO Customer VALUES ('182435424', 'Ms', 'Brian', 'Larson', '3537286651863236', TO_DATE('01-30-2018','MM-DD-YYYY'), 'Ryan', 'Chicago', 'IL', '3121351464', 'blarson13@addtoany.com', null);
INSERT INTO Customer VALUES ('266594217', 'Mr', 'Carol', 'King', '3553623195275916', TO_DATE('02-15-2018','MM-DD-YYYY'), 'Mcbride', 'Tacoma', 'WA', '2066093825', 'cking14@globo.com', null);
INSERT INTO Customer VALUES ('382378071', 'Mr', 'Juan', 'Nguyen', '5100146912393757', TO_DATE('08-10-2017','MM-DD-YYYY'), 'Londonderry', 'Saint Cloud', 'MN', '3208398318', 'jnguyen15@istockphoto.com', null);
INSERT INTO Customer VALUES ('608562321', 'Mrs', 'Frances', 'Roberts', '5100170169602900', TO_DATE('04-20-2018','MM-DD-YYYY'), 'Shelley', 'Lexington', 'KY', '8597236853', 'froberts16@ftc.gov', '002');
INSERT INTO Customer VALUES ('795375288', 'Mr', 'Beverly', 'Harvey', '3561955048110936', TO_DATE('03-26-2017','MM-DD-YYYY'), 'Stang', 'Washington', 'DC', '2025916406', 'bharvey17@jiathis.com', '006');
INSERT INTO Customer VALUES ('371401814', 'Ms', 'Rose', 'Gonzalez', '3745283780379483', TO_DATE('03-24-2018','MM-DD-YYYY'), 'Claremont', 'Indianapolis', 'IN', '3179809968', 'rgonzalez18@abc.net.au', '007');
INSERT INTO Customer VALUES ('378769308', 'Ms', 'Jose', 'Simpson', '5048378242236811', TO_DATE('01-15-2017','MM-DD-YYYY'), 'Eagle Crest', 'Miami', 'FL', '7864187456', 'jsimpson19@barnesandnoble.com', '007');
INSERT INTO Customer VALUES ('407224256', 'Ms', 'Jacqueline', 'Sims', '3015446532813667', TO_DATE('12-07-2016','MM-DD-YYYY'), 'Kensington', 'Memphis', 'TN', '9014229789', 'jsims1a@tripadvisor.com', null);
INSERT INTO Customer VALUES ('456626755', 'Mrs', 'Juan', 'Medina', '3536608798634504', TO_DATE('12-14-2017','MM-DD-YYYY'), 'Kings', 'Washington', 'DC', '2024560448', 'jmedina1b@eepurl.com', null);
INSERT INTO Customer VALUES ('053970466', 'Ms', 'Margaret', 'Mason', '5444885062264327', TO_DATE('03-25-2018','MM-DD-YYYY'), 'Haas', 'Minneapolis', 'MN', '9529275873', 'mmason1c@opensource.org', null);
INSERT INTO Customer VALUES ('828474054', 'Mrs', 'Justin', 'Miller', '2016069311075122', TO_DATE('11-08-2017','MM-DD-YYYY'), 'Carpenter', 'Los Angeles', 'CA', '7141953117', 'jmiller1d@eventbrite.com', '006');
INSERT INTO Customer VALUES ('841850791', 'Mr', 'Randy', 'Lopez', '4041370712439934', TO_DATE('06-24-2017','MM-DD-YYYY'), 'Moose', 'Columbus', 'GA', '7063657441', 'rlopez1e@cnn.com', null);
INSERT INTO Customer VALUES ('604679470', 'Ms', 'Samuel', 'Larson', '3587395663272051', TO_DATE('06-27-2017','MM-DD-YYYY'), 'Northport', 'Baltimore', 'MD', '4107982113', 'slarson1f@yelp.com', null);
INSERT INTO Customer VALUES ('793103552', 'Mrs', 'Brandon', 'Dunn', '6709202315903585', TO_DATE('03-05-2018','MM-DD-YYYY'), 'Autumn Leaf', 'Roanoke', 'VA', '5406571960', 'bdunn1g@trellian.com', null);
INSERT INTO Customer VALUES ('138395082', 'Ms', 'Jane', 'Hunt', '6333485263889592', TO_DATE('06-19-2017','MM-DD-YYYY'), 'Golden Leaf', 'Atlanta', 'GA', '4048279008', 'jhunt1h@google.fr', null);
INSERT INTO Customer VALUES ('679526089', 'Mrs', 'Laura', 'Daniels', '4936587541927513', TO_DATE('12-09-2017','MM-DD-YYYY'), 'Thackeray', 'Dallas', 'TX', '2146024416', 'ldaniels1i@bravesites.com', '005');
INSERT INTO Customer VALUES ('528063242', 'Mr', 'Craig', 'Cook', '3561762328587704', TO_DATE('03-28-2017','MM-DD-YYYY'), 'Holy Cross', 'Indianapolis', 'IN', '3175231580', 'ccook1j@omniture.com', '010');
INSERT INTO Customer VALUES ('476325601', 'Ms', 'Karen', 'Hawkins', '3538377105296765', TO_DATE('03-14-2018','MM-DD-YYYY'), 'Dryden', 'Irving', 'TX', '2142157421', 'khawkins1k@geocities.jp', null);
INSERT INTO Customer VALUES ('993573872', 'Mrs', 'Jane', 'Rogers', '6398230535114805', TO_DATE('09-02-2017','MM-DD-YYYY'), 'Prairie Rose', 'Helena', 'MT', '4068708697', 'jrogers1l@youku.com', null);
INSERT INTO Customer VALUES ('084592637', 'Mrs', 'Jennifer', 'Morrison', '3586485157084145', TO_DATE('09-01-2017','MM-DD-YYYY'), 'Kropf', 'Portsmouth', 'NH', '6036788725', 'jmorrison1m@cmu.edu', null);
INSERT INTO Customer VALUES ('039693261', 'Mrs', 'Lawrence', 'Foster', '3240206910977583', TO_DATE('11-30-2016','MM-DD-YYYY'), 'Drewry', 'Green Bay', 'WI', '9201602106', 'lfoster1n@ihg.com', null);
INSERT INTO Customer VALUES ('877008925', 'Mr', 'Douglas', 'Hawkins', '5893746746640352', TO_DATE('01-17-2017','MM-DD-YYYY'), 'Crownhardt', 'Buffalo', 'NY', '7169810509', 'dhawkins1o@livejournal.com', null);
INSERT INTO Customer VALUES ('931295474', 'Ms', 'Irene', 'Palmer', '5602250297180087', TO_DATE('01-21-2018','MM-DD-YYYY'), 'Iowa', 'Charleston', 'WV', '3048064537', 'ipalmer1p@360.cn', '009');
INSERT INTO Customer VALUES ('251001352', 'Ms', 'Justin', 'Fernandez', '4175003319689688', TO_DATE('10-21-2017','MM-DD-YYYY'), 'Northridge', 'San Antonio', 'TX', '2109397205', 'jfernandez1q@wsj.com', '009');
INSERT INTO Customer VALUES ('959616303', 'Ms', 'Ronald', 'Fields', '5602231751842105', TO_DATE('12-22-2016','MM-DD-YYYY'), 'East', 'Birmingham', 'AL', '2054495681', 'rfields1r@nhs.uk', null);
INSERT INTO Customer VALUES ('022336771', 'Mrs', 'Lawrence', 'Hughes', '5038048843086214', TO_DATE('03-08-2018','MM-DD-YYYY'), 'Maple', 'Peoria', 'AZ', '9282850058', 'lhughes1s@hostgator.com', '003');
INSERT INTO Customer VALUES ('674140438', 'Mrs', 'Bobby', 'Washington', '4041376242320775', TO_DATE('02-23-2017','MM-DD-YYYY'), 'Norway Maple', 'Fairfield', 'CT', '2035042021', 'bwashington1t@fc2.com', '005');
INSERT INTO Customer VALUES ('453627253', 'Ms', 'Victor', 'Morales', '6390545293681077', TO_DATE('03-14-2018','MM-DD-YYYY'), 'Almo', 'Seattle', 'WA', '2065595864', 'vmorales1u@woothemes.com', '010');
INSERT INTO Customer VALUES ('372684327', 'Mr', 'Kathleen', 'Graham', '3529031198887896', TO_DATE('06-06-2017','MM-DD-YYYY'), 'Little Fleur', 'Huntington', 'WV', '3047667875', 'kgraham1v@webnode.com', null);
INSERT INTO Customer VALUES ('650245755', 'Ms', 'Betty', 'Hamilton', '5100136322780263', TO_DATE('05-11-2017','MM-DD-YYYY'), 'Carpenter', 'Helena', 'MT', '4068257103', 'bhamilton1w@nih.gov', null);
INSERT INTO Customer VALUES ('460905263', 'Mr', 'Phyllis', 'Daniels', '4041595933029201', TO_DATE('08-22-2017','MM-DD-YYYY'), 'Ludington', 'Sioux City', 'IA', '7125204976', 'pdaniels1x@linkedin.com', '004');
INSERT INTO Customer VALUES ('143927676', 'Ms', 'Sandra', 'Green', '2015829584627425', TO_DATE('12-31-2017','MM-DD-YYYY'), 'Jana', 'Pinellas Park', 'FL', '8503524456', 'sgreen1y@weather.com', null);
INSERT INTO Customer VALUES ('834992181', 'Mr', 'Melissa', 'Bryant', '3533556581243061', TO_DATE('08-30-2017','MM-DD-YYYY'), 'Clove', 'Cincinnati', 'OH', '5134142945', 'mbryant1z@altervista.org', null);
INSERT INTO Customer VALUES ('749294735', 'Mr', 'Evelyn', 'Edwards', '4936605534159907', TO_DATE('11-25-2016','MM-DD-YYYY'), 'Jana', 'Las Vegas', 'NV', '7024397647', 'eedwards20@exblog.jp', '006');
INSERT INTO Customer VALUES ('605312268', 'Ms', 'Judy', 'Stone', '5108753141173868', TO_DATE('03-10-2018','MM-DD-YYYY'), 'Dovetail', 'San Jose', 'CA', '4088589583', 'jstone21@typepad.com', null);
INSERT INTO Customer VALUES ('497410706', 'Mrs', 'Shawn', 'Davis', '5602222359964983', TO_DATE('12-18-2017','MM-DD-YYYY'), 'Eggendart', 'Wilmington', 'DE', '3023946864', 'sdavis22@icio.us', null);
INSERT INTO Customer VALUES ('688262513', 'Ms', 'Henry', 'Boyd', '6767193313122508', TO_DATE('11-17-2017','MM-DD-YYYY'), 'Lawn', 'Henderson', 'NV', '7021323900', 'hboyd23@php.net', null);
INSERT INTO Customer VALUES ('425775421', 'Mrs', 'Judith', 'Wallace', '2015615267406975', TO_DATE('09-24-2017','MM-DD-YYYY'), 'Sundown', 'Houston', 'TX', '7131908322', 'jwallace24@barnesandnoble.com', '006');
INSERT INTO Customer VALUES ('813752290', 'Mrs', 'Jennifer', 'Brown', '3567112691890711', TO_DATE('08-22-2017','MM-DD-YYYY'), 'Columbus', 'Jefferson City', 'MO', '5735572142', 'jbrown25@icio.us', '010');
INSERT INTO Customer VALUES ('374298834', 'Mrs', 'Ann', 'Olson', '6762521010617681', TO_DATE('04-15-2018','MM-DD-YYYY'), 'Roth', 'Dallas', 'TX', '9723579980', 'aolson26@rediff.com', null);
INSERT INTO Customer VALUES ('524429079', 'Mrs', 'Jason', 'Lee', '6371669199090093', TO_DATE('05-10-2017','MM-DD-YYYY'), 'Esker', 'Dallas', 'TX', '2148169938', 'jlee27@gnu.org', null);
INSERT INTO Customer VALUES ('807287305', 'Mr', 'Anthony', 'Riley', '5602247781198799', TO_DATE('10-03-2017','MM-DD-YYYY'), 'Kensington', 'Boise', 'ID', '2086901884', 'ariley28@imdb.com', '005');
INSERT INTO Customer VALUES ('989856835', 'Mr', 'Peter', 'Washington', '3529861022413620', TO_DATE('11-09-2016','MM-DD-YYYY'), 'Mendota', 'Lincoln', 'NE', '4027885774', 'pwashington29@symantec.com', null);
INSERT INTO Customer VALUES ('927863324', 'Ms', 'Ann', 'Ward', '6759372103122025', TO_DATE('06-18-2017','MM-DD-YYYY'), 'Clemons', 'New York City', 'NY', '6466886699', 'award2a@dot.gov', '002');
INSERT INTO Customer VALUES ('324224797', 'Mrs', 'Jean', 'Hamilton', '5602212253571428', TO_DATE('07-10-2017','MM-DD-YYYY'), 'Bashford', 'Brooklyn', 'NY', '7187068692', 'jhamilton2b@4shared.com', null);
INSERT INTO Customer VALUES ('275525356', 'Ms', 'Christopher', 'Watson', '3540336634720246', TO_DATE('11-30-2017','MM-DD-YYYY'), 'Thackeray', 'Virginia Beach', 'VA', '7577882657', 'cwatson2c@icq.com', null);
INSERT INTO Customer VALUES ('932606005', 'Mrs', 'Laura', 'Ford', '3531671173179565', TO_DATE('11-26-2017','MM-DD-YYYY'), 'Sachtjen', 'Evansville', 'IN', '8123235675', 'lford2d@listmanage.com', '004');
INSERT INTO Customer VALUES ('394183871', 'Mrs', 'Bobby', 'Hunter', '4017951030652645', TO_DATE('01-24-2017','MM-DD-YYYY'), 'Springs', 'Canton', 'OH', '3303024353', 'bhunter2e@wordpress.com', null);
INSERT INTO Customer VALUES ('257834318', 'Ms', 'Laura', 'Tucker', '3574228070210049', TO_DATE('12-30-2017','MM-DD-YYYY'), 'Thierer', 'Shreveport', 'LA', '3186159782', 'ltucker2f@delicious.com', null);
INSERT INTO Customer VALUES ('585415136', 'Mrs', 'Carol', 'Cole', '2015485920926045', TO_DATE('03-09-2018','MM-DD-YYYY'), 'Shasta', 'Washington', 'DC', '2028538666', 'ccole2g@pinterest.com', null);
INSERT INTO Customer VALUES ('280273729', 'Mrs', 'Bobby', 'Hughes', '5422759459035119', TO_DATE('10-15-2017','MM-DD-YYYY'), 'Redwing', 'Des Moines', 'IA', '5155582440', 'bhughes2h@hhs.gov', null);
INSERT INTO Customer VALUES ('913001171', 'Mrs', 'Melissa', 'Russell', '3566283833557020', TO_DATE('01-16-2017','MM-DD-YYYY'), 'Eagle Crest', 'Dayton', 'OH', '9378111874', 'mrussell2i@studiopress.com', null);
INSERT INTO Customer VALUES ('618089561', 'Mrs', 'Patricia', 'Boyd', '3745576543973074', TO_DATE('12-27-2017','MM-DD-YYYY'), 'Gulseth', 'Springfield', 'MO', '4176583688', 'pboyd2j@ask.com', null);
INSERT INTO Customer VALUES ('092127284', 'Ms', 'Larry', 'Romero', '4913978704206890', TO_DATE('09-30-2017','MM-DD-YYYY'), 'Susan', 'Omaha', 'NE', '4028110416', 'lromero2k@indiatimes.com', null);
INSERT INTO Customer VALUES ('705506007', 'Mrs', 'Mary', 'Wright', '3556300611083250', TO_DATE('07-30-2017','MM-DD-YYYY'), 'Arapahoe', 'Metairie', 'LA', '5043645392', 'mwright2l@w3.org', null);
INSERT INTO Customer VALUES ('734144494', 'Mr', 'Amanda', 'Brown', '3582834047788114', TO_DATE('02-10-2018','MM-DD-YYYY'), 'Claremont', 'San Rafael', 'CA', '4154457191', 'abrown2m@nps.gov', null);
INSERT INTO Customer VALUES ('290983981', 'Ms', 'Jason', 'Perry', '3576646531944559', TO_DATE('04-03-2018','MM-DD-YYYY'), 'Coolidge', 'Brooklyn', 'NY', '2121434727', 'jperry2n@omniture.com', '003');
INSERT INTO Customer VALUES ('577426667', 'Mrs', 'Kimberly', 'Burke', '5377837638383835', TO_DATE('11-21-2017','MM-DD-YYYY'), 'Coolidge', 'Bronx', 'NY', '7184196167', 'kburke2o@dot.gov', null);
INSERT INTO Customer VALUES ('565984881', 'Ms', 'Rose', 'Powell', '5100131149203888', TO_DATE('05-01-2017','MM-DD-YYYY'), 'Hoepker', 'Oxnard', 'CA', '8054051687', 'rpowell2p@nih.gov', null);
INSERT INTO Customer VALUES ('246743077', 'Ms', 'Jacqueline', 'Rice', '6304610513268066', TO_DATE('09-16-2017','MM-DD-YYYY'), 'Fair Oaks', 'Lansing', 'MI', '5172076410', 'jrice2q@instagram.com', '010');
INSERT INTO Customer VALUES ('321105914', 'Mr', 'Elizabeth', 'Jones', '5018588068078518', TO_DATE('03-21-2018','MM-DD-YYYY'), 'Summerview', 'Denver', 'CO', '3038820597', 'ejones2r@sciencedirect.com', '007');
INSERT INTO Customer VALUES ('896711806', 'Mr', 'Kimberly', 'Sims', '3558911136906698', TO_DATE('03-19-2018','MM-DD-YYYY'), 'Florence', 'Miami', 'FL', '7866485095', 'ksims2s@hatena.ne.jp', '004');
INSERT INTO Customer VALUES ('700139378', 'Mrs', 'Emily', 'Peterson', '3529256676450749', TO_DATE('02-18-2018','MM-DD-YYYY'), 'Lindbergh', 'Cincinnati', 'OH', '5136335095', 'epeterson2t@nydailynews.com', null);
INSERT INTO Customer VALUES ('924637288', 'Mr', 'Gregory', 'Willis', '3240075761777156', TO_DATE('11-11-2016','MM-DD-YYYY'), 'Burning Wood', 'Dallas', 'TX', '2148673640', 'gwillis2u@amazon.de', '003');
INSERT INTO Customer VALUES ('993435740', 'Ms', 'Louise', 'Harper', '6763008981985416', TO_DATE('08-16-2017','MM-DD-YYYY'), 'Tennyson', 'Lexington', 'KY', '8595339371', 'lharper2v@economist.com', '006');
INSERT INTO Customer VALUES ('030603291', 'Mr', 'Stephanie', 'Lee', '6771337927706568', TO_DATE('11-01-2017','MM-DD-YYYY'), 'Schiller', 'Naples', 'FL', '2393015837', 'slee2w@wiley.com', '007');
INSERT INTO Customer VALUES ('157341202', 'Mrs', 'Margaret', 'Marshall', '5602259652610984', TO_DATE('10-26-2017','MM-DD-YYYY'), 'Walton', 'El Paso', 'TX', '9151627999', 'mmarshall2x@blogger.com', '007');
INSERT INTO Customer VALUES ('072850389', 'Mr', 'Kevin', 'Ortiz', '3546763317219085', TO_DATE('07-13-2017','MM-DD-YYYY'), 'Hoffman', 'Rochester', 'NY', '5857739564', 'kortiz2y@friendfeed.com', null);
INSERT INTO Customer VALUES ('401746041', 'Mr', 'Kathleen', 'Patterson', '6372371069328682', TO_DATE('07-20-2017','MM-DD-YYYY'), 'Dovetail', 'New York City', 'NY', '2121595513', 'kpatterson2z@ftc.gov', null);
INSERT INTO Customer VALUES ('562722960', 'Mrs', 'Karen', 'Wagner', '3579073747476226', TO_DATE('11-09-2017','MM-DD-YYYY'), 'Westport', 'South Bend', 'IN', '5744704946', 'kwagner30@netlog.com', '001');
INSERT INTO Customer VALUES ('490160667', 'Mrs', 'Cynthia', 'Kelley', '5893186547540647', TO_DATE('07-02-2017','MM-DD-YYYY'), 'New Castle', 'Danbury', 'CT', '2033381168', 'ckelley31@admin.ch', null);
INSERT INTO Customer VALUES ('924484952', 'Ms', 'Johnny', 'Howard', '3566186992746138', TO_DATE('02-15-2017','MM-DD-YYYY'), 'Dovetail', 'Oklahoma City', 'OK', '4056395773', 'jhoward32@addtoany.com', null);
INSERT INTO Customer VALUES ('465311169', 'Mr', 'Ashley', 'Morris', '5493573066974576', TO_DATE('11-05-2017','MM-DD-YYYY'), 'Dexter', 'Inglewood', 'CA', '3105399454', 'amorris33@xrea.com', '006');
INSERT INTO Customer VALUES ('903501759', 'Ms', 'Bobby', 'Foster', '2018377321454901', TO_DATE('08-30-2017','MM-DD-YYYY'), 'Gateway', 'Davenport', 'IA', '5632398027', 'bfoster34@marketwatch.com', '009');
INSERT INTO Customer VALUES ('792612178', 'Mrs', 'Christopher', 'Holmes', '3540638818775395', TO_DATE('08-21-2017','MM-DD-YYYY'), 'Valley Edge', 'Wichita', 'KS', '3167068375', 'cholmes35@businesswire.com', '001');
INSERT INTO Customer VALUES ('690882306', 'Mr', 'Judy', 'Rodriguez', '6331102820625464', TO_DATE('08-25-2017','MM-DD-YYYY'), 'Birchwood', 'Springfield', 'VA', '5711985180', 'jrodriguez36@howstuffworks.com', '010');
INSERT INTO Customer VALUES ('882879297', 'Mrs', 'Helen', 'Gonzalez', '5442568766702535', TO_DATE('03-16-2017','MM-DD-YYYY'), '8th', 'Chicago', 'IL', '7739665735', 'hgonzalez37@mediafire.com', '009');
INSERT INTO Customer VALUES ('377520017', 'Mrs', 'George', 'Edwards', '3541065139963725', TO_DATE('07-01-2017','MM-DD-YYYY'), 'Arizona', 'Bakersfield', 'CA', '6613164177', 'gedwards38@vimeo.com', '001');
INSERT INTO Customer VALUES ('270099409', 'Ms', 'Steven', 'Elliott', '3240422287330708', TO_DATE('08-02-2017','MM-DD-YYYY'), 'Morningstar', 'Atlanta', 'GA', '6789176937', 'selliott39@angelfire.com', null);
INSERT INTO Customer VALUES ('988100740', 'Mr', 'Matthew', 'Walker', '5893349512909925', TO_DATE('07-12-2017','MM-DD-YYYY'), 'Maryland', 'Dayton', 'OH', '9375773100', 'mwalker3a@delicious.com', null);
INSERT INTO Customer VALUES ('984672905', 'Ms', 'Katherine', 'Jackson', '4905038139640682', TO_DATE('02-14-2017','MM-DD-YYYY'), 'Oak Valley', 'Columbus', 'OH', '6144683148', 'kjackson3b@nbcnews.com', null);
INSERT INTO Customer VALUES ('415216159', 'Mrs', 'Jeremy', 'Stone', '3723010974979305', TO_DATE('01-13-2018','MM-DD-YYYY'), 'Susan', 'Birmingham', 'AL', '2058983285', 'jstone3c@usatoday.com', null);
INSERT INTO Customer VALUES ('879925619', 'Ms', 'Martha', 'Reynolds', '4175005152069399', TO_DATE('11-27-2016','MM-DD-YYYY'), 'Gerald', 'Houston', 'TX', '7137368157', 'mreynolds3d@webs.com', '005');
INSERT INTO Customer VALUES ('993291050', 'Mrs', 'Heather', 'Sullivan', '6304076105789975', TO_DATE('03-17-2017','MM-DD-YYYY'), 'Cardinal', 'El Paso', 'TX', '9158019671', 'hsullivan3e@xinhuanet.com', null);
INSERT INTO Customer VALUES ('628811308', 'Mr', 'Donna', 'Walker', '5002359554209301', TO_DATE('04-12-2017','MM-DD-YYYY'), 'Ilene', 'Fort Lauderdale', 'FL', '9545168558', 'dwalker3f@shoppro.jp', null);
INSERT INTO Customer VALUES ('553142184', 'Ms', 'Jeffrey', 'Murphy', '3574763749492057', TO_DATE('04-19-2017','MM-DD-YYYY'), 'Paget', 'Houston', 'TX', '7137866251', 'jmurphy3g@cam.ac.uk', null);
INSERT INTO Customer VALUES ('116673344', 'Mrs', 'Judith', 'Hall', '4240179588139225', TO_DATE('11-17-2017','MM-DD-YYYY'), 'Heffernan', 'Brooklyn', 'NY', '6461452534', 'jhall3h@google.pl', '006');
INSERT INTO Customer VALUES ('941947079', 'Mr', 'Joe', 'Willis', '3571997001456581', TO_DATE('02-11-2017','MM-DD-YYYY'), 'Lyons', 'Cedar Rapids', 'IA', '3193072571', 'jwillis3i@arstechnica.com', null);
INSERT INTO Customer VALUES ('775143239', 'Mrs', 'Carolyn', 'Ward', '5108756359230106', TO_DATE('11-24-2016','MM-DD-YYYY'), 'Susan', 'Duluth', 'GA', '4049504528', 'cward3j@berkeley.edu', '003');
INSERT INTO Customer VALUES ('058600741', 'Mr', 'Rachel', 'Nichols', '3542128487090613', TO_DATE('01-06-2017','MM-DD-YYYY'), 'Kensington', 'Springfield', 'IL', '2173027294', 'rnichols3k@example.com', '006');
INSERT INTO Customer VALUES ('650694462', 'Mrs', 'Elizabeth', 'Turner', '3745622325346665', TO_DATE('05-08-2017','MM-DD-YYYY'), 'Shasta', 'San Antonio', 'TX', '2109680182', 'eturner3l@pen.io', '007');
INSERT INTO Customer VALUES ('334770652', 'Mr', 'Kenneth', 'Sanchez', '3559481274125070', TO_DATE('07-24-2017','MM-DD-YYYY'), 'Johnson', 'North Little Rock', 'AR', '5019869436', 'ksanchez3m@infoseek.co.jp', '004');
INSERT INTO Customer VALUES ('772106438', 'Ms', 'Jean', 'Diaz', '5602246291548360', TO_DATE('12-30-2017','MM-DD-YYYY'), 'Reindahl', 'Dallas', 'TX', '4694042556', 'jdiaz3n@nbcnews.com', '002');
INSERT INTO Customer VALUES ('470086382', 'Ms', 'Christine', 'Kelley', '5602259198826763', TO_DATE('05-03-2017','MM-DD-YYYY'), 'Hoepker', 'Denver', 'CO', '3039677029', 'ckelley3o@yahoo.co.jp', null);
INSERT INTO Customer VALUES ('330142435', 'Mr', 'Lawrence', 'Phillips', '3528386158213074', TO_DATE('03-29-2018','MM-DD-YYYY'), 'Arrowood', 'Oklahoma City', 'OK', '4051316827', 'lphillips3p@barnesandnoble.com', '010');
INSERT INTO Customer VALUES ('792025611', 'Mr', 'Mark', 'Jacobs', '2018886542674413', TO_DATE('11-23-2016','MM-DD-YYYY'), 'Delaware', 'Lake Charles', 'LA', '3372399579', 'mjacobs3q@weather.com', '009');
INSERT INTO Customer VALUES ('853139997', 'Mrs', 'Christina', 'Sullivan', '2017365799981139', TO_DATE('11-26-2017','MM-DD-YYYY'), 'Lotheville', 'Midland', 'TX', '4321475036', 'csullivan3r@etsy.com', '009');
INSERT INTO Customer VALUES ('888076961', 'Mrs', 'Robin', 'Gutierrez', '4936626263398678', TO_DATE('06-16-2017','MM-DD-YYYY'), 'Ruskin', 'Wilmington', 'DE', '3028008864', 'rgutierrez3s@bravesites.com', null);
INSERT INTO Customer VALUES ('226901151', 'Ms', 'Bobby', 'Reynolds', '3742880193789092', TO_DATE('12-29-2016','MM-DD-YYYY'), 'Prentice', 'Tuscaloosa', 'AL', '2051068712', 'breynolds3t@gov.uk', null);
INSERT INTO Customer VALUES ('876512252', 'Ms', 'Maria', 'Larson', '3746227422893401', TO_DATE('04-07-2017','MM-DD-YYYY'), 'Meadow Ridge', 'Montgomery', 'AL', '3347324420', 'mlarson3u@pen.io', null);
INSERT INTO Customer VALUES ('648019755', 'Ms', 'Carlos', 'Perkins', '5602238460902176', TO_DATE('09-25-2017','MM-DD-YYYY'), 'Jana', 'Fort Lauderdale', 'FL', '9541765541', 'cperkins3v@yolasite.com', null);
INSERT INTO Customer VALUES ('705846572', 'Ms', 'Wayne', 'Gilbert', '3565507891734886', TO_DATE('04-16-2017','MM-DD-YYYY'), 'Delladonna', 'Hollywood', 'FL', '3059897246', 'wgilbert3w@nytimes.com', '005');
INSERT INTO Customer VALUES ('540210937', 'Ms', 'Katherine', 'Rose', '3533341902974870', TO_DATE('09-24-2017','MM-DD-YYYY'), 'Monica', 'Monroe', 'LA', '3188854246', 'krose3x@furl.net', '001');
INSERT INTO Customer VALUES ('992307910', 'Ms', 'Lisa', 'Garza', '6763638820961870', TO_DATE('05-13-2017','MM-DD-YYYY'), 'Fremont', 'Chandler', 'AZ', '4807625570', 'lgarza3y@omniture.com', null);
INSERT INTO Customer VALUES ('010043009', 'Mr', 'Lisa', 'Fisher', '3539027663863998', TO_DATE('02-25-2018','MM-DD-YYYY'), 'Susan', 'Houston', 'TX', '7135168034', 'lfisher3z@upenn.edu', null);
INSERT INTO Customer VALUES ('596529102', 'Mrs', 'Brenda', 'Tucker', '6771539975804314', TO_DATE('12-12-2016','MM-DD-YYYY'), 'Forest Run', 'Kansas City', 'MO', '8165640033', 'btucker40@sakura.ne.jp', null);
INSERT INTO Customer VALUES ('279731825', 'Mr', 'Irene', 'Bishop', '6385892002116277', TO_DATE('09-21-2017','MM-DD-YYYY'), '8th', 'Gastonia', 'NC', '7044356543', 'ibishop41@overblog.com', null);
INSERT INTO Customer VALUES ('407742745', 'Ms', 'Randy', 'Carroll', '3533267887513088', TO_DATE('02-05-2018','MM-DD-YYYY'), 'Hansons', 'Columbus', 'OH', '6146528564', 'rcarroll42@rediff.com', null);
INSERT INTO Customer VALUES ('335087030', 'Mr', 'Carl', 'Sanchez', '3554608712212764', TO_DATE('05-04-2017','MM-DD-YYYY'), 'Karstens', 'New York City', 'NY', '2127880508', 'csanchez43@cargocollective.com', '008');
INSERT INTO Customer VALUES ('336535688', 'Mr', 'Phyllis', 'Scott', '3555552486366761', TO_DATE('11-12-2017','MM-DD-YYYY'), 'North', 'Washington', 'DC', '2021145622', 'pscott44@xing.com', '007');
INSERT INTO Customer VALUES ('281075882', 'Mrs', 'Bonnie', 'Morris', '5371487158776897', TO_DATE('12-06-2016','MM-DD-YYYY'), 'Loomis', 'Miami', 'FL', '3057191757', 'bmorris45@virginia.edu', null);
INSERT INTO Customer VALUES ('781302881', 'Mrs', 'Susan', 'Duncan', '3584798528453266', TO_DATE('01-03-2018','MM-DD-YYYY'), 'Redwing', 'Orlando', 'FL', '4072460503', 'sduncan46@slate.com', null);
INSERT INTO Customer VALUES ('314593117', 'Mr', 'George', 'Cole', '5427290120061677', TO_DATE('02-10-2018','MM-DD-YYYY'), 'Bobwhite', 'El Paso', 'TX', '9153809246', 'gcole47@livejournal.com', null);
INSERT INTO Customer VALUES ('224147032', 'Ms', 'Diane', 'Sullivan', '5602219772529969', TO_DATE('04-07-2018','MM-DD-YYYY'), 'Bayside', 'Charleston', 'WV', '3045617563', 'dsullivan48@wikia.com', null);
INSERT INTO Customer VALUES ('587561914', 'Mr', 'Samuel', 'Turner', '2015420955128795', TO_DATE('11-23-2016','MM-DD-YYYY'), 'Reinke', 'New York City', 'NY', '2128113821', 'sturner49@prweb.com', '003');
INSERT INTO Customer VALUES ('225727259', 'Ms', 'Brenda', 'Dean', '3529890714235132', TO_DATE('03-11-2017','MM-DD-YYYY'), 'Logan', 'Peoria', 'IL', '3095797066', 'bdean4a@psu.edu', '002');
INSERT INTO Customer VALUES ('433157406', 'Mrs', 'Lois', 'Grant', '3556079650360916', TO_DATE('11-14-2016','MM-DD-YYYY'), 'South', 'Norfolk', 'VA', '7575350301', 'lgrant4b@slideshare.net', '007');
INSERT INTO Customer VALUES ('441847410', 'Ms', 'Christopher', 'Jordan', '4405589764362013', TO_DATE('07-20-2017','MM-DD-YYYY'), 'Chinook', 'Charlotte', 'NC', '7045211311', 'cjordan4c@zimbio.com', null);
INSERT INTO Customer VALUES ('376667656', 'Mrs', 'Victor', 'Stephens', '6762650735186433', TO_DATE('09-29-2017','MM-DD-YYYY'), 'Fulton', 'Long Beach', 'CA', '5627293614', 'vstephens4d@examiner.com', '005');
INSERT INTO Customer VALUES ('138103345', 'Mrs', 'Betty', 'Peterson', '3553277637632398', TO_DATE('11-29-2017','MM-DD-YYYY'), 'Debra', 'Bradenton', 'FL', '7278421633', 'bpeterson4e@dailymail.co.uk', null);
INSERT INTO Customer VALUES ('290954386', 'Mrs', 'Joan', 'James', '3569066057122218', TO_DATE('07-15-2017','MM-DD-YYYY'), 'Gateway', 'Irvine', 'CA', '5102999449', 'jjames4f@ted.com', '010');
INSERT INTO Customer VALUES ('569712851', 'Mrs', 'Earl', 'Carroll', '3545385346668040', TO_DATE('06-30-2017','MM-DD-YYYY'), 'Brown', 'Whittier', 'CA', '5622968138', 'ecarroll4g@diigo.com', '005');
INSERT INTO Customer VALUES ('005223603', 'Mr', 'Teresa', 'Berry', '3549540237621765', TO_DATE('04-18-2018','MM-DD-YYYY'), 'Kedzie', 'Arlington', 'TX', '2149679807', 'tberry4h@discovery.com', null);
INSERT INTO Customer VALUES ('060741760', 'Mrs', 'Andrea', 'Pierce', '4405086254454384', TO_DATE('01-31-2017','MM-DD-YYYY'), 'Orin', 'Waco', 'TX', '2544954402', 'apierce4i@about.com', '003');
INSERT INTO Customer VALUES ('767755837', 'Mr', 'Randy', 'Howell', '5020017632921531', TO_DATE('04-19-2017','MM-DD-YYYY'), 'Rutledge', 'Portland', 'OR', '5036640786', 'rhowell4j@intel.com', '004');
INSERT INTO Customer VALUES ('232062224', 'Mr', 'Gloria', 'Lawson', '3530572097092705', TO_DATE('02-06-2017','MM-DD-YYYY'), 'Luster', 'Tampa', 'FL', '8136158292', 'glawson4k@unc.edu', null);
INSERT INTO Customer VALUES ('275519033', 'Mr', 'Frances', 'Reid', '3553351389554231', TO_DATE('04-02-2017','MM-DD-YYYY'), 'John Wall', 'Tulsa', 'OK', '9187267802', 'freid4l@unicef.org', null);
INSERT INTO Customer VALUES ('767037065', 'Mr', 'Gary', 'Brown', '3240029063829124', TO_DATE('09-02-2017','MM-DD-YYYY'), 'Sunnyside', 'Springfield', 'OH', '9379095787', 'gbrown4m@unblog.fr', null);
INSERT INTO Customer VALUES ('158779165', 'Ms', 'Rose', 'Gilbert', '3547977780276328', TO_DATE('05-04-2017','MM-DD-YYYY'), 'Donald', 'Raleigh', 'NC', '9196572909', 'rgilbert4n@yelp.com', '006');
INSERT INTO Customer VALUES ('070463152', 'Mr', 'Phillip', 'Cunningham', '3558867684253786', TO_DATE('01-02-2018','MM-DD-YYYY'), 'Morrow', 'Detroit', 'MI', '2489104846', 'pcunningham4o@uiuc.edu', null);
INSERT INTO Customer VALUES ('706946634', 'Ms', 'Douglas', 'Foster', '5020081168816718', TO_DATE('12-22-2017','MM-DD-YYYY'), 'Fremont', 'Rockford', 'IL', '8154346117', 'dfoster4p@a8.net', null);
INSERT INTO Customer VALUES ('323431444', 'Mrs', 'Johnny', 'Black', '3544502582310241', TO_DATE('01-20-2018','MM-DD-YYYY'), 'Eagle Crest', 'Brockton', 'MA', '5089062093', 'jblack4q@yellowbook.com', null);
INSERT INTO Customer VALUES ('336371776', 'Mr', 'Marie', 'Kim', '3246884439393443', TO_DATE('10-05-2017','MM-DD-YYYY'), 'Sauthoff', 'Jackson', 'MS', '6011319162', 'mkim4r@privacy.gov.au', null);
INSERT INTO Customer VALUES ('223415306', 'Mrs', 'Daniel', 'Mills', '3560339404585075', TO_DATE('02-04-2017','MM-DD-YYYY'), 'Forest Run', 'Montgomery', 'AL', '3346349513', 'dmills4s@purevolume.com', '001');
INSERT INTO Customer VALUES ('616878167', 'Ms', 'Roy', 'Fisher', '3534241666951255', TO_DATE('07-12-2017','MM-DD-YYYY'), 'Monument', 'Garland', 'TX', '2145846776', 'rfisher4t@europa.eu', null);
INSERT INTO Customer VALUES ('575271154', 'Mr', 'Jeffrey', 'Collins', '3568021860995905', TO_DATE('03-09-2017','MM-DD-YYYY'), 'Vera', 'Los Angeles', 'CA', '2134616459', 'jcollins4u@bandcamp.com', null);
INSERT INTO Customer VALUES ('211564726', 'Mr', 'Barbara', 'Ruiz', '3583908256465397', TO_DATE('01-14-2018','MM-DD-YYYY'), 'Farragut', 'Madison', 'WI', '6087968267', 'bruiz4v@goo.gl', null);
INSERT INTO Customer VALUES ('504234038', 'Mr', 'Phillip', 'Moore', '4041599394245488', TO_DATE('06-30-2017','MM-DD-YYYY'), 'Artisan', 'New York City', 'NY', '2128757459', 'pmoore4w@indiatimes.com', '004');
INSERT INTO Customer VALUES ('415984424', 'Mr', 'Janice', 'Fisher', '6767212810201328', TO_DATE('07-17-2017','MM-DD-YYYY'), '1st', 'Columbus', 'OH', '6149364642', 'jfisher4x@economist.com', null);
INSERT INTO Customer VALUES ('455312357', 'Mr', 'Paula', 'Moore', '5048376367188122', TO_DATE('09-02-2017','MM-DD-YYYY'), 'Holy Cross', 'Birmingham', 'AL', '2059278577', 'pmoore4y@shinystat.com', null);
INSERT INTO Customer VALUES ('261143635', 'Mrs', 'Craig', 'Rivera', '3580338269440455', TO_DATE('03-21-2018','MM-DD-YYYY'), 'Meadow Ridge', 'Huntsville', 'AL', '2569902251', 'crivera4z@walmart.com', '008');
INSERT INTO Customer VALUES ('625048019', 'Ms', 'Martin', 'Hart', '4844312484458139', TO_DATE('11-25-2017','MM-DD-YYYY'), 'Eagan', 'Des Moines', 'IA', '6411582437', 'mhart50@uiuc.edu', '003');
INSERT INTO Customer VALUES ('736040600', 'Mrs', 'Pamela', 'Duncan', '3580378453649750', TO_DATE('02-08-2017','MM-DD-YYYY'), 'Jackson', 'Saint Paul', 'MN', '6122712657', 'pduncan51@nymag.com', '007');
INSERT INTO Customer VALUES ('353534828', 'Mr', 'Denise', 'Phillips', '3538974742736862', TO_DATE('02-03-2018','MM-DD-YYYY'), 'Twin Pines', 'Denver', 'CO', '3031327573', 'dphillips52@fastcompany.com', '008');
INSERT INTO Customer VALUES ('159258658', 'Mrs', 'Jack', 'Ray', '3542944514716164', TO_DATE('02-09-2017','MM-DD-YYYY'), 'Autumn Leaf', 'Naples', 'FL', '2392291997', 'jray53@wikispaces.com', null);
INSERT INTO Customer VALUES ('052212415', 'Ms', 'Ralph', 'Hawkins', '5038380190872708', TO_DATE('06-28-2017','MM-DD-YYYY'), 'Kenwood', 'El Paso', 'TX', '9153765913', 'rhawkins54@theatlantic.com', null);
INSERT INTO Customer VALUES ('306759701', 'Ms', 'Martha', 'Green', '3567833385258804', TO_DATE('02-21-2018','MM-DD-YYYY'), 'Knutson', 'Wichita', 'KS', '3163535842', 'mgreen55@nsw.gov.au', '010');
INSERT INTO Customer VALUES ('641144494', 'Mrs', 'Ernest', 'Ryan', '2015757851472912', TO_DATE('04-05-2018','MM-DD-YYYY'), 'Meadow Valley', 'San Jose', 'CA', '4081946552', 'eryan56@163.com', null);
INSERT INTO Customer VALUES ('035594908', 'Mr', 'Daniel', 'Stone', '5018643019323352', TO_DATE('03-11-2017','MM-DD-YYYY'), 'Burning Wood', 'Dayton', 'OH', '9372846283', 'dstone57@accuweather.com', '010');
INSERT INTO Customer VALUES ('060296675', 'Mrs', 'Nicole', 'Black', '2015943335115901', TO_DATE('10-14-2017','MM-DD-YYYY'), 'Oak Valley', 'Lake Worth', 'FL', '5617628752', 'nblack58@miitbeian.gov.cn', null);
INSERT INTO Customer VALUES ('029468622', 'Mrs', 'Karen', 'Stevens', '5108751572446324', TO_DATE('11-14-2017','MM-DD-YYYY'), 'Holmberg', 'Louisville', 'KY', '5029591224', 'kstevens59@ehow.com', null);
INSERT INTO Customer VALUES ('894315188', 'Mr', 'Raymond', 'Wood', '3575886094660280', TO_DATE('03-19-2017','MM-DD-YYYY'), 'Comanche', 'Santa Barbara', 'CA', '8054970427', 'rwood5a@tinyurl.com', null);
INSERT INTO Customer VALUES ('368270371', 'Mrs', 'Deborah', 'Wallace', '6304168618182757', TO_DATE('11-11-2017','MM-DD-YYYY'), 'Jana', 'Saint Louis', 'MO', '3143497606', 'dwallace5b@disqus.com', null);
INSERT INTO Customer VALUES ('943089095', 'Mrs', 'Thomas', 'Day', '3572122915343036', TO_DATE('03-05-2017','MM-DD-YYYY'), 'Maple Wood', 'Asheville', 'NC', '8287872428', 'tday5c@japanpost.jp', null);
INSERT INTO Customer VALUES ('312913833', 'Ms', 'Lori', 'Ellis', '6333379605535232', TO_DATE('02-15-2017','MM-DD-YYYY'), 'Merchant', 'Chicago', 'IL', '3126317453', 'lellis5d@dagondesign.com', null);
INSERT INTO Customer VALUES ('332308964', 'Mrs', 'Mildred', 'Mason', '5602222713420707', TO_DATE('12-27-2016','MM-DD-YYYY'), 'Sachtjen', 'Orlando', 'FL', '4079875748', 'mmason5e@ebay.com', null);
INSERT INTO Customer VALUES ('418692439', 'Mr', 'Norma', 'Woods', '6304401183098940', TO_DATE('09-16-2017','MM-DD-YYYY'), 'Vahlen', 'Pittsburgh', 'PA', '4123192907', 'nwoods5f@hibu.com', null);
INSERT INTO Customer VALUES ('855241708', 'Mr', 'Victor', 'Lawson', '3581661252258272', TO_DATE('09-20-2017','MM-DD-YYYY'), 'Ridgeway', 'Tampa', 'FL', '8135902403', 'vlawson5g@icq.com', '006');
INSERT INTO Customer VALUES ('843029789', 'Mr', 'Jose', 'Ray', '4026263088194325', TO_DATE('04-25-2017','MM-DD-YYYY'), 'Thierer', 'Chicago', 'IL', '3129300271', 'jray5h@amazon.co.jp', null);
INSERT INTO Customer VALUES ('274494602', 'Mrs', 'Laura', 'Lopez', '4041595894963737', TO_DATE('03-27-2018','MM-DD-YYYY'), 'Florence', 'Las Vegas', 'NV', '7021803750', 'llopez5i@istockphoto.com', null);
INSERT INTO Customer VALUES ('083909630', 'Mr', 'Virginia', 'Nichols', '5007667882584830', TO_DATE('04-11-2018','MM-DD-YYYY'), 'Mariners Cove', 'Philadelphia', 'PA', '2675369635', 'vnichols5j@rakuten.co.jp', '001');
INSERT INTO Customer VALUES ('048211278', 'Mrs', 'Ernest', 'Carroll', '5641823899204583', TO_DATE('06-07-2017','MM-DD-YYYY'), 'New Castle', 'Reno', 'NV', '7753095823', 'ecarroll5k@icio.us', null);

INSERT INTO Price VALUES ('JFK', 'PIT', '00001', 158, 63);
INSERT INTO Price VALUES ('PHL', 'PIT', '00001', 156, 145);
INSERT INTO Price VALUES ('SFO', 'PIT', '00001', 179, 96);
INSERT INTO Price VALUES ('LAX', 'PIT', '00002', 188, 65);
INSERT INTO Price VALUES ('DFW', 'PIT', '00002', 169, 77);
INSERT INTO Price VALUES ('DCA', 'PIT', '00002', 208, 66);
INSERT INTO Price VALUES ('DEA', 'PIT', '00003', 240, 111);
INSERT INTO Price VALUES ('ORD', 'PIT', '00003', 173, 62);
INSERT INTO Price VALUES ('ORL', 'PIT', '00003', 202, 82);
INSERT INTO Price VALUES ('JFK', 'PIT', '00004', 246, 51);
INSERT INTO Price VALUES ('PHL', 'PIT', '00004', 240, 82);
INSERT INTO Price VALUES ('SFO', 'PIT', '00004', 150, 111);
INSERT INTO Price VALUES ('LAX', 'PIT', '00005', 226, 50);
INSERT INTO Price VALUES ('DFW', 'PIT', '00005', 196, 54);
INSERT INTO Price VALUES ('DCA', 'PIT', '00005', 213, 115);
INSERT INTO Price VALUES ('DEA', 'PIT', '00006', 178, 56);
INSERT INTO Price VALUES ('ORD', 'PIT', '00006', 183, 114);
INSERT INTO Price VALUES ('ORL', 'PIT', '00006', 219, 98);
INSERT INTO Price VALUES ('JFK', 'PIT', '00007', 222, 125);
INSERT INTO Price VALUES ('PHL', 'PIT', '00007', 233, 64);
INSERT INTO Price VALUES ('SFO', 'PIT', '00007', 210, 104);
INSERT INTO Price VALUES ('LAX', 'PIT', '00008', 203, 54);
INSERT INTO Price VALUES ('DFW', 'PIT', '00008', 192, 75);
INSERT INTO Price VALUES ('DCA', 'PIT', '00008', 243, 102);
INSERT INTO Price VALUES ('DEA', 'PIT', '00009', 216, 107);
INSERT INTO Price VALUES ('ORD', 'PIT', '00009', 219, 117);
INSERT INTO Price VALUES ('ORL', 'PIT', '00009', 171, 144);
INSERT INTO Price VALUES ('JFK', 'PIT', '00010', 185, 75);
INSERT INTO Price VALUES ('PHL', 'PIT', '00010', 249, 58);
INSERT INTO Price VALUES ('SFO', 'PIT', '00010', 224, 139);
INSERT INTO Price VALUES ('LAX', 'PIT', '00001', 182, 121);
INSERT INTO Price VALUES ('DFW', 'PIT', '00001', 215, 130);
INSERT INTO Price VALUES ('DCA', 'PIT', '00001', 194, 124);
INSERT INTO Price VALUES ('DEA', 'PIT', '00002', 158, 82);
INSERT INTO Price VALUES ('ORD', 'PIT', '00002', 183, 145);
INSERT INTO Price VALUES ('ORL', 'PIT', '00002', 165, 142);
INSERT INTO Price VALUES ('JFK', 'PIT', '00003', 161, 96);
INSERT INTO Price VALUES ('PHL', 'PIT', '00003', 176, 117);
INSERT INTO Price VALUES ('SFO', 'PIT', '00003', 167, 123);
INSERT INTO Price VALUES ('LAX', 'PIT', '00004', 203, 84);
INSERT INTO Price VALUES ('DFW', 'PIT', '00004', 158, 68);
INSERT INTO Price VALUES ('DCA', 'PIT', '00004', 156, 67);
INSERT INTO Price VALUES ('DEA', 'PIT', '00005', 176, 142);
INSERT INTO Price VALUES ('ORD', 'PIT', '00005', 191, 127);
INSERT INTO Price VALUES ('ORL', 'PIT', '00005', 182, 138);
INSERT INTO Price VALUES ('JFK', 'PIT', '00006', 234, 131);
INSERT INTO Price VALUES ('PHL', 'PIT', '00006', 175, 90);
INSERT INTO Price VALUES ('SFO', 'PIT', '00006', 193, 124);
INSERT INTO Price VALUES ('LAX', 'PIT', '00007', 190, 145);
INSERT INTO Price VALUES ('DFW', 'PIT', '00007', 181, 79);
INSERT INTO Price VALUES ('DCA', 'PIT', '00007', 162, 137);
INSERT INTO Price VALUES ('DEA', 'PIT', '00008', 164, 143);
INSERT INTO Price VALUES ('ORD', 'PIT', '00008', 177, 147);
INSERT INTO Price VALUES ('ORL', 'PIT', '00008', 222, 122);
INSERT INTO Price VALUES ('JFK', 'PIT', '00009', 238, 83);
INSERT INTO Price VALUES ('PHL', 'PIT', '00009', 236, 92);
INSERT INTO Price VALUES ('SFO', 'PIT', '00009', 224, 54);
INSERT INTO Price VALUES ('LAX', 'PIT', '00010', 186, 75);
INSERT INTO Price VALUES ('DFW', 'PIT', '00010', 209, 126);
INSERT INTO Price VALUES ('DCA', 'PIT', '00010', 230, 55);
INSERT INTO Price VALUES ('PIT', 'JFK', '00001', 232, 128);
INSERT INTO Price VALUES ('PIT', 'PHL', '00001', 159, 111);
INSERT INTO Price VALUES ('PIT', 'SFO', '00001', 214, 62);
INSERT INTO Price VALUES ('PIT', 'LAX', '00002', 151, 76);
INSERT INTO Price VALUES ('PIT', 'DFW', '00002', 188, 58);
INSERT INTO Price VALUES ('PIT', 'DCA', '00002', 169, 109);
INSERT INTO Price VALUES ('PIT', 'DEA', '00003', 236, 119);
INSERT INTO Price VALUES ('PIT', 'ORD', '00003', 249, 135);
INSERT INTO Price VALUES ('PIT', 'ORL', '00003', 196, 147);
INSERT INTO Price VALUES ('PIT', 'JFK', '00004', 164, 119);
INSERT INTO Price VALUES ('PIT', 'PHL', '00004', 218, 86);
INSERT INTO Price VALUES ('PIT', 'SFO', '00004', 225, 69);
INSERT INTO Price VALUES ('PIT', 'LAX', '00005', 161, 149);
INSERT INTO Price VALUES ('PIT', 'DFW', '00005', 203, 150);
INSERT INTO Price VALUES ('PIT', 'DCA', '00005', 192, 101);
INSERT INTO Price VALUES ('PIT', 'DEA', '00006', 246, 51);
INSERT INTO Price VALUES ('PIT', 'ORD', '00006', 231, 120);
INSERT INTO Price VALUES ('PIT', 'ORL', '00006', 190, 70);
INSERT INTO Price VALUES ('PIT', 'JFK', '00007', 200, 69);
INSERT INTO Price VALUES ('PIT', 'PHL', '00007', 168, 146);
INSERT INTO Price VALUES ('PIT', 'SFO', '00007', 187, 122);
INSERT INTO Price VALUES ('PIT', 'LAX', '00008', 163, 128);
INSERT INTO Price VALUES ('PIT', 'DFW', '00008', 234, 78);
INSERT INTO Price VALUES ('PIT', 'DCA', '00008', 191, 121);
INSERT INTO Price VALUES ('PIT', 'DEA', '00009', 249, 117);
INSERT INTO Price VALUES ('PIT', 'ORD', '00009', 198, 144);
INSERT INTO Price VALUES ('PIT', 'ORL', '00009', 177, 121);
INSERT INTO Price VALUES ('PIT', 'JFK', '00010', 174, 75);
INSERT INTO Price VALUES ('PIT', 'PHL', '00010', 229, 114);
INSERT INTO Price VALUES ('PIT', 'SFO', '00010', 164, 93);
INSERT INTO Price VALUES ('PIT', 'LAX', '00001', 234, 67);
INSERT INTO Price VALUES ('PIT', 'DFW', '00001', 165, 142);
INSERT INTO Price VALUES ('PIT', 'DCA', '00001', 210, 128);
INSERT INTO Price VALUES ('PIT', 'DEA', '00002', 198, 107);
INSERT INTO Price VALUES ('PIT', 'ORD', '00002', 202, 104);
INSERT INTO Price VALUES ('PIT', 'ORL', '00002', 157, 100);
INSERT INTO Price VALUES ('PIT', 'JFK', '00003', 243, 136);
INSERT INTO Price VALUES ('PIT', 'PHL', '00003', 216, 119);
INSERT INTO Price VALUES ('PIT', 'SFO', '00003', 169, 114);
INSERT INTO Price VALUES ('PIT', 'LAX', '00004', 179, 130);
INSERT INTO Price VALUES ('PIT', 'DFW', '00004', 222, 136);
INSERT INTO Price VALUES ('PIT', 'DCA', '00004', 167, 79);
INSERT INTO Price VALUES ('PIT', 'DEA', '00005', 196, 148);
INSERT INTO Price VALUES ('PIT', 'ORD', '00005', 158, 77);
INSERT INTO Price VALUES ('PIT', 'ORL', '00005', 156, 134);
INSERT INTO Price VALUES ('PIT', 'JFK', '00006', 198, 120);
INSERT INTO Price VALUES ('PIT', 'PHL', '00006', 170, 73);
INSERT INTO Price VALUES ('PIT', 'SFO', '00006', 175, 143);
INSERT INTO Price VALUES ('PIT', 'LAX', '00007', 222, 123);
INSERT INTO Price VALUES ('PIT', 'DFW', '00007', 223, 134);
INSERT INTO Price VALUES ('PIT', 'DCA', '00007', 246, 90);
INSERT INTO Price VALUES ('PIT', 'DEA', '00008', 162, 107);
INSERT INTO Price VALUES ('PIT', 'ORD', '00008', 167, 100);
INSERT INTO Price VALUES ('PIT', 'ORL', '00008', 203, 67);
INSERT INTO Price VALUES ('PIT', 'JFK', '00009', 199, 109);
INSERT INTO Price VALUES ('PIT', 'PHL', '00009', 184, 145);
INSERT INTO Price VALUES ('PIT', 'SFO', '00009', 227, 147);
INSERT INTO Price VALUES ('PIT', 'LAX', '00010', 241, 59);
INSERT INTO Price VALUES ('PIT', 'DFW', '00010', 222, 56);
INSERT INTO Price VALUES ('PIT', 'DCA', '00010', 188, 77);

INSERT INTO Reservation VALUES ('00001', '335087030', 63, '3554608712212764', TO_DATE('2016-03-02', 'YYYY-MM-DD'), 'Y', 'JFK', 'PIT');
INSERT INTO Reservation VALUES ('00002', '322135986', 63, '3573723355854074', TO_DATE('2016-02-03', 'YYYY-MM-DD'), 'N', 'JFK', 'PIT');
INSERT INTO Reservation VALUES ('00003', '022336771', 63, '5038048843086214', TO_DATE('2016-10-08', 'YYYY-MM-DD'), 'Y', 'JFK', 'PIT');
INSERT INTO Reservation VALUES ('00004', '275525356', 63, '3540336634720246', TO_DATE('2016-02-10', 'YYYY-MM-DD'), 'N', 'JFK', 'PIT');
INSERT INTO Reservation VALUES ('00005', '841850791', 63, '4041370712439934', TO_DATE('2016-07-18', 'YYYY-MM-DD'), 'Y', 'JFK', 'PIT');
INSERT INTO Reservation VALUES ('00006', '730968982', 63, '5018669855188887', TO_DATE('2016-09-19', 'YYYY-MM-DD'), 'Y', 'JFK', 'PIT');
INSERT INTO Reservation VALUES ('00007', '340658286', 63, '5195382862934441', TO_DATE('2016-10-19', 'YYYY-MM-DD'), 'Y', 'JFK', 'PIT');
INSERT INTO Reservation VALUES ('00008', '257834318', 63, '3574228070210049', TO_DATE('2016-06-17', 'YYYY-MM-DD'), 'N', 'JFK', 'PIT');
INSERT INTO Reservation VALUES ('00009', '576723425', 63, '6334383987807171', TO_DATE('2016-02-24', 'YYYY-MM-DD'), 'N', 'JFK', 'PIT');
INSERT INTO Reservation VALUES ('00010', '426951315', 63, '3558623936206910', TO_DATE('2016-07-07', 'YYYY-MM-DD'), 'N', 'JFK', 'PIT');
INSERT INTO Reservation VALUES ('00011', '042991395', 63, '2015538624550816', TO_DATE('2016-01-18', 'YYYY-MM-DD'), 'Y', 'JFK', 'PIT');
INSERT INTO Reservation VALUES ('00012', '271205321', 63, '5602213092033888', TO_DATE('2016-01-24', 'YYYY-MM-DD'), 'Y', 'JFK', 'PIT');
INSERT INTO Reservation VALUES ('00013', '540210937', 63, '3533341902974870', TO_DATE('2016-10-30', 'YYYY-MM-DD'), 'Y', 'JFK', 'PIT');
INSERT INTO Reservation VALUES ('00014', '924484952', 63, '3566186992746138', TO_DATE('2016-10-14', 'YYYY-MM-DD'), 'Y', 'JFK', 'PIT');
INSERT INTO Reservation VALUES ('00015', '415216159', 63, '3723010974979305', TO_DATE('2016-02-01', 'YYYY-MM-DD'), 'Y', 'JFK', 'PIT');
INSERT INTO Reservation VALUES ('00016', '377520017', 63, '3541065139963725', TO_DATE('2016-09-15', 'YYYY-MM-DD'), 'N', 'JFK', 'PIT');
INSERT INTO Reservation VALUES ('00017', '927863324', 63, '6759372103122025', TO_DATE('2015-11-26', 'YYYY-MM-DD'), 'N', 'JFK', 'PIT');
INSERT INTO Reservation VALUES ('00018', '585415136', 63, '2015485920926045', TO_DATE('2016-03-07', 'YYYY-MM-DD'), 'N', 'JFK', 'PIT');
INSERT INTO Reservation VALUES ('00019', '678939328', 63, '3575299914518102', TO_DATE('2016-05-14', 'YYYY-MM-DD'), 'N', 'JFK', 'PIT');
INSERT INTO Reservation VALUES ('00020', '407742745', 63, '3533267887513088', TO_DATE('2016-03-30', 'YYYY-MM-DD'), 'N', 'JFK', 'PIT');
INSERT INTO Reservation VALUES ('00021', '853139997', 63, '2017365799981139', TO_DATE('2016-01-08', 'YYYY-MM-DD'), 'Y', 'JFK', 'PIT');
INSERT INTO Reservation VALUES ('00022', '266594217', 63, '3553623195275916', TO_DATE('2016-09-06', 'YYYY-MM-DD'), 'N', 'JFK', 'PIT');
INSERT INTO Reservation VALUES ('00023', '022336771', 63, '5038048843086214', TO_DATE('2016-06-28', 'YYYY-MM-DD'), 'Y', 'JFK', 'PIT');
INSERT INTO Reservation VALUES ('00024', '430399890', 63, '3536140667490016', TO_DATE('2016-02-23', 'YYYY-MM-DD'), 'N', 'JFK', 'PIT');
INSERT INTO Reservation VALUES ('00025', '251001352', 63, '4175003319689688', TO_DATE('2016-04-26', 'YYYY-MM-DD'), 'Y', 'JFK', 'PIT');
INSERT INTO Reservation VALUES ('00026', '628811308', 63, '5002359554209301', TO_DATE('2016-07-24', 'YYYY-MM-DD'), 'Y', 'JFK', 'PIT');
INSERT INTO Reservation VALUES ('00027', '257834318', 63, '3574228070210049', TO_DATE('2016-02-28', 'YYYY-MM-DD'), 'N', 'JFK', 'PIT');
INSERT INTO Reservation VALUES ('00028', '931295474', 63, '5602250297180087', TO_DATE('2016-03-19', 'YYYY-MM-DD'), 'N', 'JFK', 'PIT');
INSERT INTO Reservation VALUES ('00029', '157341202', 63, '5602259652610984', TO_DATE('2016-03-27', 'YYYY-MM-DD'), 'N', 'JFK', 'PIT');
INSERT INTO Reservation VALUES ('00030', '618089561', 63, '3745576543973074', TO_DATE('2016-09-19', 'YYYY-MM-DD'), 'Y', 'JFK', 'PIT');
INSERT INTO Reservation VALUES ('00031', '010619315', 63, '2018515720306020', TO_DATE('2016-07-30', 'YYYY-MM-DD'), 'N', 'JFK', 'PIT');
INSERT INTO Reservation VALUES ('00032', '888076961', 63, '4936626263398678', TO_DATE('2016-04-27', 'YYYY-MM-DD'), 'N', 'JFK', 'PIT');
INSERT INTO Reservation VALUES ('00033', '705846572', 63, '3565507891734886', TO_DATE('2016-05-13', 'YYYY-MM-DD'), 'Y', 'JFK', 'PIT');
INSERT INTO Reservation VALUES ('00034', '394183871', 63, '4017951030652645', TO_DATE('2016-05-04', 'YYYY-MM-DD'), 'N', 'JFK', 'PIT');
INSERT INTO Reservation VALUES ('00035', '688262513', 63, '6767193313122508', TO_DATE('2016-03-20', 'YYYY-MM-DD'), 'Y', 'JFK', 'PIT');
INSERT INTO Reservation VALUES ('00036', '015533405', 63, '5602240389467963', TO_DATE('2016-01-02', 'YYYY-MM-DD'), 'Y', 'JFK', 'PIT');
INSERT INTO Reservation VALUES ('00037', '394183871', 63, '4017951030652645', TO_DATE('2016-02-10', 'YYYY-MM-DD'), 'N', 'JFK', 'PIT');
INSERT INTO Reservation VALUES ('00038', '882879297', 63, '5442568766702535', TO_DATE('2016-01-12', 'YYYY-MM-DD'), 'Y', 'JFK', 'PIT');
INSERT INTO Reservation VALUES ('00039', '407742745', 63, '3533267887513088', TO_DATE('2016-06-14', 'YYYY-MM-DD'), 'Y', 'JFK', 'PIT');
INSERT INTO Reservation VALUES ('00040', '927863324', 63, '6759372103122025', TO_DATE('2015-11-24', 'YYYY-MM-DD'), 'N', 'JFK', 'PIT');
INSERT INTO Reservation VALUES ('00041', '280458081', 63, '3000174852203835', TO_DATE('2016-02-21', 'YYYY-MM-DD'), 'Y', 'JFK', 'PIT');
INSERT INTO Reservation VALUES ('00042', '257834318', 63, '3574228070210049', TO_DATE('2016-06-20', 'YYYY-MM-DD'), 'Y', 'JFK', 'PIT');
INSERT INTO Reservation VALUES ('00043', '705846572', 63, '3565507891734886', TO_DATE('2016-07-15', 'YYYY-MM-DD'), 'N', 'JFK', 'PIT');
INSERT INTO Reservation VALUES ('00044', '565984881', 63, '5100131149203888', TO_DATE('2016-04-01', 'YYYY-MM-DD'), 'Y', 'JFK', 'PIT');
INSERT INTO Reservation VALUES ('00045', '010043009', 63, '3539027663863998', TO_DATE('2016-08-28', 'YYYY-MM-DD'), 'Y', 'JFK', 'PIT');
INSERT INTO Reservation VALUES ('00046', '030603291', 63, '6771337927706568', TO_DATE('2016-08-25', 'YYYY-MM-DD'), 'Y', 'JFK', 'PIT');
INSERT INTO Reservation VALUES ('00047', '371401814', 63, '3745283780379483', TO_DATE('2016-07-09', 'YYYY-MM-DD'), 'N', 'JFK', 'PIT');
INSERT INTO Reservation VALUES ('00048', '882879297', 63, '5442568766702535', TO_DATE('2016-05-19', 'YYYY-MM-DD'), 'Y', 'JFK', 'PIT');
INSERT INTO Reservation VALUES ('00049', '772106438', 63, '5602246291548360', TO_DATE('2016-09-10', 'YYYY-MM-DD'), 'Y', 'JFK', 'PIT');
INSERT INTO Reservation VALUES ('00050', '336535688', 63, '3555552486366761', TO_DATE('2016-07-23', 'YYYY-MM-DD'), 'Y', 'JFK', 'PIT');
INSERT INTO Reservation VALUES ('00051', '374298834', 63, '6762521010617681', TO_DATE('2016-11-16', 'YYYY-MM-DD'), 'Y', 'JFK', 'PIT');
INSERT INTO Reservation VALUES ('00052', '072850389', 63, '3546763317219085', TO_DATE('2016-04-13', 'YYYY-MM-DD'), 'N', 'JFK', 'PIT');
INSERT INTO Reservation VALUES ('00053', '992307910', 63, '6763638820961870', TO_DATE('2016-05-19', 'YYYY-MM-DD'), 'N', 'JFK', 'PIT');
INSERT INTO Reservation VALUES ('00054', '281148998', 63, '3581516880700857', TO_DATE('2015-12-23', 'YYYY-MM-DD'), 'Y', 'JFK', 'PIT');
INSERT INTO Reservation VALUES ('00055', '321105914', 63, '5018588068078518', TO_DATE('2016-08-28', 'YYYY-MM-DD'), 'Y', 'JFK', 'PIT');
INSERT INTO Reservation VALUES ('00056', '058600741', 63, '3542128487090613', TO_DATE('2015-12-06', 'YYYY-MM-DD'), 'N', 'JFK', 'PIT');
INSERT INTO Reservation VALUES ('00057', '053970466', 63, '5444885062264327', TO_DATE('2016-08-20', 'YYYY-MM-DD'), 'N', 'JFK', 'PIT');
INSERT INTO Reservation VALUES ('00058', '340658286', 63, '5195382862934441', TO_DATE('2016-07-14', 'YYYY-MM-DD'), 'N', 'JFK', 'PIT');
INSERT INTO Reservation VALUES ('00059', '993573872', 63, '6398230535114805', TO_DATE('2016-06-10', 'YYYY-MM-DD'), 'N', 'JFK', 'PIT');
INSERT INTO Reservation VALUES ('00060', '137952080', 63, '3576405806213418', TO_DATE('2016-09-29', 'YYYY-MM-DD'), 'Y', 'JFK', 'PIT');
INSERT INTO Reservation VALUES ('00061', '334770652', 63, '3559481274125070', TO_DATE('2016-03-23', 'YYYY-MM-DD'), 'N', 'JFK', 'PIT');
INSERT INTO Reservation VALUES ('00062', '279731825', 63, '6385892002116277', TO_DATE('2016-01-16', 'YYYY-MM-DD'), 'Y', 'JFK', 'PIT');
INSERT INTO Reservation VALUES ('00063', '335087030', 63, '3554608712212764', TO_DATE('2016-09-11', 'YYYY-MM-DD'), 'N', 'JFK', 'PIT');
INSERT INTO Reservation VALUES ('00064', '476325601', 63, '3538377105296765', TO_DATE('2016-07-02', 'YYYY-MM-DD'), 'Y', 'JFK', 'PIT');
INSERT INTO Reservation VALUES ('00065', '270099409', 63, '3240422287330708', TO_DATE('2016-06-23', 'YYYY-MM-DD'), 'Y', 'JFK', 'PIT');
INSERT INTO Reservation VALUES ('00066', '524429079', 63, '6371669199090093', TO_DATE('2016-05-24', 'YYYY-MM-DD'), 'N', 'JFK', 'PIT');
INSERT INTO Reservation VALUES ('00067', '374298834', 63, '6762521010617681', TO_DATE('2016-02-04', 'YYYY-MM-DD'), 'N', 'JFK', 'PIT');
INSERT INTO Reservation VALUES ('00068', '834992181', 63, '3533556581243061', TO_DATE('2016-05-27', 'YYYY-MM-DD'), 'N', 'JFK', 'PIT');
INSERT INTO Reservation VALUES ('00069', '787776600', 63, '4508741498135803', TO_DATE('2015-11-27', 'YYYY-MM-DD'), 'N', 'JFK', 'PIT');
INSERT INTO Reservation VALUES ('00070', '425775421', 63, '2015615267406975', TO_DATE('2016-01-21', 'YYYY-MM-DD'), 'N', 'JFK', 'PIT');
INSERT INTO Reservation VALUES ('00071', '927863324', 63, '6759372103122025', TO_DATE('2015-12-14', 'YYYY-MM-DD'), 'N', 'JFK', 'PIT');
INSERT INTO Reservation VALUES ('00072', '963881655', 63, '2014862854739734', TO_DATE('2016-07-26', 'YYYY-MM-DD'), 'Y', 'JFK', 'PIT');
INSERT INTO Reservation VALUES ('00073', '042991395', 63, '2015538624550816', TO_DATE('2016-03-19', 'YYYY-MM-DD'), 'Y', 'JFK', 'PIT');
INSERT INTO Reservation VALUES ('00074', '993573872', 63, '6398230535114805', TO_DATE('2016-08-27', 'YYYY-MM-DD'), 'Y', 'JFK', 'PIT');
INSERT INTO Reservation VALUES ('00075', '426951315', 63, '3558623936206910', TO_DATE('2016-03-17', 'YYYY-MM-DD'), 'Y', 'JFK', 'PIT');
INSERT INTO Reservation VALUES ('00076', '853139997', 63, '2017365799981139', TO_DATE('2016-04-21', 'YYYY-MM-DD'), 'N', 'JFK', 'PIT');
INSERT INTO Reservation VALUES ('00077', '988100740', 63, '5893349512909925', TO_DATE('2016-09-11', 'YYYY-MM-DD'), 'Y', 'JFK', 'PIT');
INSERT INTO Reservation VALUES ('00078', '679526089', 63, '4936587541927513', TO_DATE('2016-01-06', 'YYYY-MM-DD'), 'Y', 'JFK', 'PIT');
INSERT INTO Reservation VALUES ('00079', '993435740', 63, '6763008981985416', TO_DATE('2015-12-19', 'YYYY-MM-DD'), 'Y', 'JFK', 'PIT');
INSERT INTO Reservation VALUES ('00080', '251001352', 63, '4175003319689688', TO_DATE('2016-03-24', 'YYYY-MM-DD'), 'Y', 'JFK', 'PIT');
INSERT INTO Reservation VALUES ('00081', '879925619', 63, '4175005152069399', TO_DATE('2016-02-11', 'YYYY-MM-DD'), 'Y', 'JFK', 'PIT');
INSERT INTO Reservation VALUES ('00082', '430399890', 63, '3536140667490016', TO_DATE('2016-07-15', 'YYYY-MM-DD'), 'N', 'JFK', 'PIT');
INSERT INTO Reservation VALUES ('00083', '679526089', 63, '4936587541927513', TO_DATE('2016-09-01', 'YYYY-MM-DD'), 'Y', 'JFK', 'PIT');
INSERT INTO Reservation VALUES ('00084', '426951315', 63, '3558623936206910', TO_DATE('2016-05-04', 'YYYY-MM-DD'), 'Y', 'JFK', 'PIT');
INSERT INTO Reservation VALUES ('00085', '667639864', 63, '4017954979234597', TO_DATE('2016-06-12', 'YYYY-MM-DD'), 'N', 'JFK', 'PIT');
INSERT INTO Reservation VALUES ('00086', '888076961', 63, '4936626263398678', TO_DATE('2016-09-29', 'YYYY-MM-DD'), 'Y', 'JFK', 'PIT');
INSERT INTO Reservation VALUES ('00087', '793103552', 63, '6709202315903585', TO_DATE('2015-12-07', 'YYYY-MM-DD'), 'N', 'JFK', 'PIT');
INSERT INTO Reservation VALUES ('00088', '093542548', 63, '5010128018572863', TO_DATE('2016-05-05', 'YYYY-MM-DD'), 'N', 'JFK', 'PIT');
INSERT INTO Reservation VALUES ('00089', '903501759', 63, '2018377321454901', TO_DATE('2015-12-10', 'YYYY-MM-DD'), 'N', 'JFK', 'PIT');
INSERT INTO Reservation VALUES ('00090', '700139378', 63, '3529256676450749', TO_DATE('2016-06-26', 'YYYY-MM-DD'), 'N', 'JFK', 'PIT');
INSERT INTO Reservation VALUES ('00091', '734144494', 63, '3582834047788114', TO_DATE('2016-03-13', 'YYYY-MM-DD'), 'Y', 'JFK', 'PIT');
INSERT INTO Reservation VALUES ('00092', '679526089', 63, '4936587541927513', TO_DATE('2016-05-05', 'YYYY-MM-DD'), 'Y', 'JFK', 'PIT');
INSERT INTO Reservation VALUES ('00093', '093542548', 63, '5010128018572863', TO_DATE('2016-04-22', 'YYYY-MM-DD'), 'Y', 'JFK', 'PIT');
INSERT INTO Reservation VALUES ('00094', '015533405', 63, '5602240389467963', TO_DATE('2016-03-16', 'YYYY-MM-DD'), 'Y', 'JFK', 'PIT');
INSERT INTO Reservation VALUES ('00095', '275525356', 63, '3540336634720246', TO_DATE('2016-08-29', 'YYYY-MM-DD'), 'N', 'JFK', 'PIT');
INSERT INTO Reservation VALUES ('00096', '415216159', 63, '3723010974979305', TO_DATE('2016-08-03', 'YYYY-MM-DD'), 'N', 'JFK', 'PIT');
INSERT INTO Reservation VALUES ('00097', '015533405', 63, '5602240389467963', TO_DATE('2016-06-18', 'YYYY-MM-DD'), 'Y', 'JFK', 'PIT');
INSERT INTO Reservation VALUES ('00098', '775143239', 63, '5108756359230106', TO_DATE('2015-11-29', 'YYYY-MM-DD'), 'N', 'JFK', 'PIT');
INSERT INTO Reservation VALUES ('00099', '280458081', 63, '3000174852203835', TO_DATE('2016-05-20', 'YYYY-MM-DD'), 'N', 'JFK', 'PIT');
INSERT INTO Reservation VALUES ('00100', '039693261', 63, '3240206910977583', TO_DATE('2016-07-31', 'YYYY-MM-DD'), 'N', 'JFK', 'PIT');
INSERT INTO Reservation VALUES ('00101', '795375288', 63, '3561955048110936', TO_DATE('2016-09-13', 'YYYY-MM-DD'), 'N', 'JFK', 'PIT');
INSERT INTO Reservation VALUES ('00102', '608562321', 63, '5100170169602900', TO_DATE('2016-09-14', 'YYYY-MM-DD'), 'Y', 'JFK', 'PIT');
INSERT INTO Reservation VALUES ('00103', '963881655', 63, '2014862854739734', TO_DATE('2016-08-18', 'YYYY-MM-DD'), 'N', 'JFK', 'PIT');
INSERT INTO Reservation VALUES ('00104', '270099409', 63, '3240422287330708', TO_DATE('2016-03-22', 'YYYY-MM-DD'), 'Y', 'JFK', 'PIT');
INSERT INTO Reservation VALUES ('00105', '605312268', 63, '5108753141173868', TO_DATE('2016-02-21', 'YYYY-MM-DD'), 'N', 'JFK', 'PIT');
INSERT INTO Reservation VALUES ('00106', '425775421', 63, '2015615267406975', TO_DATE('2016-07-25', 'YYYY-MM-DD'), 'N', 'JFK', 'PIT');
INSERT INTO Reservation VALUES ('00107', '781302881', 63, '3584798528453266', TO_DATE('2016-06-06', 'YYYY-MM-DD'), 'N', 'JFK', 'PIT');
INSERT INTO Reservation VALUES ('00108', '924637288', 63, '3240075761777156', TO_DATE('2016-04-08', 'YYYY-MM-DD'), 'Y', 'JFK', 'PIT');
INSERT INTO Reservation VALUES ('00109', '882879297', 63, '5442568766702535', TO_DATE('2016-10-10', 'YYYY-MM-DD'), 'N', 'JFK', 'PIT');
INSERT INTO Reservation VALUES ('00110', '563012509', 63, '5460408464552980', TO_DATE('2016-07-20', 'YYYY-MM-DD'), 'N', 'JFK', 'PIT');
INSERT INTO Reservation VALUES ('00111', '608562321', 63, '5100170169602900', TO_DATE('2016-01-28', 'YYYY-MM-DD'), 'N', 'JFK', 'PIT');
INSERT INTO Reservation VALUES ('00112', '562722960', 63, '3579073747476226', TO_DATE('2016-06-26', 'YYYY-MM-DD'), 'Y', 'JFK', 'PIT');
INSERT INTO Reservation VALUES ('00113', '379219825', 63, '4041599234399987', TO_DATE('2016-07-17', 'YYYY-MM-DD'), 'Y', 'JFK', 'PIT');
INSERT INTO Reservation VALUES ('00114', '596529102', 63, '6771539975804314', TO_DATE('2016-10-05', 'YYYY-MM-DD'), 'N', 'JFK', 'PIT');
INSERT INTO Reservation VALUES ('00115', '054433149', 63, '6759702270192942', TO_DATE('2016-03-06', 'YYYY-MM-DD'), 'N', 'JFK', 'PIT');
INSERT INTO Reservation VALUES ('00116', '290983981', 63, '3576646531944559', TO_DATE('2016-01-15', 'YYYY-MM-DD'), 'Y', 'JFK', 'PIT');
INSERT INTO Reservation VALUES ('00117', '042991395', 63, '2015538624550816', TO_DATE('2016-06-02', 'YYYY-MM-DD'), 'N', 'JFK', 'PIT');
INSERT INTO Reservation VALUES ('00118', '931295474', 63, '5602250297180087', TO_DATE('2016-08-01', 'YYYY-MM-DD'), 'N', 'JFK', 'PIT');
INSERT INTO Reservation VALUES ('00119', '054433149', 63, '6759702270192942', TO_DATE('2016-01-30', 'YYYY-MM-DD'), 'Y', 'JFK', 'PIT');
INSERT INTO Reservation VALUES ('00120', '650694462', 63, '3745622325346665', TO_DATE('2016-08-13', 'YYYY-MM-DD'), 'Y', 'JFK', 'PIT');
INSERT INTO Reservation VALUES ('00121', '931045992', 63, '6382250009623469', TO_DATE('2016-07-25', 'YYYY-MM-DD'), 'N', 'JFK', 'PIT');
INSERT INTO Reservation VALUES ('00122', '054433149', 63, '6759702270192942', TO_DATE('2016-02-03', 'YYYY-MM-DD'), 'N', 'JFK', 'PIT');
INSERT INTO Reservation VALUES ('00123', '425775421', 63, '2015615267406975', TO_DATE('2016-09-28', 'YYYY-MM-DD'), 'N', 'JFK', 'PIT');
INSERT INTO Reservation VALUES ('00124', '992307910', 63, '6763638820961870', TO_DATE('2016-09-29', 'YYYY-MM-DD'), 'N', 'JFK', 'PIT');
INSERT INTO Reservation VALUES ('00125', '336535688', 63, '3555552486366761', TO_DATE('2016-08-20', 'YYYY-MM-DD'), 'Y', 'JFK', 'PIT');
INSERT INTO Reservation VALUES ('00126', '182435424', 63, '3537286651863236', TO_DATE('2016-02-07', 'YYYY-MM-DD'), 'N', 'JFK', 'PIT');
INSERT INTO Reservation VALUES ('00127', '371401814', 63, '3745283780379483', TO_DATE('2016-05-14', 'YYYY-MM-DD'), 'Y', 'JFK', 'PIT');
INSERT INTO Reservation VALUES ('00128', '378769308', 63, '5048378242236811', TO_DATE('2016-06-12', 'YYYY-MM-DD'), 'N', 'JFK', 'PIT');
INSERT INTO Reservation VALUES ('00129', '321105914', 63, '5018588068078518', TO_DATE('2016-08-31', 'YYYY-MM-DD'), 'N', 'JFK', 'PIT');
INSERT INTO Reservation VALUES ('00130', '058600741', 63, '3542128487090613', TO_DATE('2016-07-24', 'YYYY-MM-DD'), 'Y', 'JFK', 'PIT');
INSERT INTO Reservation VALUES ('00131', '941947079', 63, '3571997001456581', TO_DATE('2016-04-14', 'YYYY-MM-DD'), 'Y', 'JFK', 'PIT');
INSERT INTO Reservation VALUES ('00132', '882879297', 63, '5442568766702535', TO_DATE('2016-07-10', 'YYYY-MM-DD'), 'N', 'JFK', 'PIT');
INSERT INTO Reservation VALUES ('00133', '093542548', 63, '5010128018572863', TO_DATE('2016-04-11', 'YYYY-MM-DD'), 'N', 'JFK', 'PIT');
INSERT INTO Reservation VALUES ('00134', '465311169', 63, '5493573066974576', TO_DATE('2016-02-01', 'YYYY-MM-DD'), 'N', 'JFK', 'PIT');
INSERT INTO Reservation VALUES ('00135', '116673344', 63, '4240179588139225', TO_DATE('2016-04-01', 'YYYY-MM-DD'), 'Y', 'JFK', 'PIT');
INSERT INTO Reservation VALUES ('00136', '903501759', 63, '2018377321454901', TO_DATE('2016-06-24', 'YYYY-MM-DD'), 'Y', 'JFK', 'PIT');
INSERT INTO Reservation VALUES ('00137', '664553282', 63, '3582981513414376', TO_DATE('2016-09-06', 'YYYY-MM-DD'), 'Y', 'JFK', 'PIT');
INSERT INTO Reservation VALUES ('00138', '931295474', 63, '5602250297180087', TO_DATE('2016-10-09', 'YYYY-MM-DD'), 'Y', 'JFK', 'PIT');
INSERT INTO Reservation VALUES ('00139', '010619315', 63, '2018515720306020', TO_DATE('2016-06-08', 'YYYY-MM-DD'), 'Y', 'JFK', 'PIT');
INSERT INTO Reservation VALUES ('00140', '882879297', 63, '5442568766702535', TO_DATE('2016-08-29', 'YYYY-MM-DD'), 'N', 'JFK', 'PIT');
INSERT INTO Reservation VALUES ('00141', '246743077', 63, '6304610513268066', TO_DATE('2016-01-18', 'YYYY-MM-DD'), 'N', 'JFK', 'PIT');
INSERT INTO Reservation VALUES ('00142', '378769308', 63, '5048378242236811', TO_DATE('2016-04-14', 'YYYY-MM-DD'), 'N', 'JFK', 'PIT');
INSERT INTO Reservation VALUES ('00143', '924484952', 63, '3566186992746138', TO_DATE('2015-11-24', 'YYYY-MM-DD'), 'N', 'JFK', 'PIT');
INSERT INTO Reservation VALUES ('00144', '834992181', 63, '3533556581243061', TO_DATE('2016-05-16', 'YYYY-MM-DD'), 'Y', 'JFK', 'PIT');
INSERT INTO Reservation VALUES ('00145', '022336771', 63, '5038048843086214', TO_DATE('2016-02-05', 'YYYY-MM-DD'), 'N', 'JFK', 'PIT');
INSERT INTO Reservation VALUES ('00146', '688262513', 63, '6767193313122508', TO_DATE('2016-10-20', 'YYYY-MM-DD'), 'Y', 'JFK', 'PIT');
INSERT INTO Reservation VALUES ('00147', '876512252', 63, '3746227422893401', TO_DATE('2016-06-07', 'YYYY-MM-DD'), 'N', 'JFK', 'PIT');
INSERT INTO Reservation VALUES ('00148', '734144494', 63, '3582834047788114', TO_DATE('2016-01-31', 'YYYY-MM-DD'), 'N', 'JFK', 'PIT');
INSERT INTO Reservation VALUES ('00149', '605312268', 63, '5108753141173868', TO_DATE('2016-02-29', 'YYYY-MM-DD'), 'Y', 'JFK', 'PIT');
INSERT INTO Reservation VALUES ('00150', '418556162', 63, '5477751424910058', TO_DATE('2016-05-13', 'YYYY-MM-DD'), 'N', 'JFK', 'PIT');
INSERT INTO Reservation VALUES ('00151', '441847410', 145, '4405589764362013', TO_DATE('2016-08-15', 'YYYY-MM-DD'), 'Y', 'PHL', 'PIT');
INSERT INTO Reservation VALUES ('00152', '048211278', 145, '5641823899204583', TO_DATE('2016-09-01', 'YYYY-MM-DD'), 'N', 'PHL', 'PIT');
INSERT INTO Reservation VALUES ('00153', '876512252', 145, '3746227422893401', TO_DATE('2016-09-09', 'YYYY-MM-DD'), 'N', 'PHL', 'PIT');
INSERT INTO Reservation VALUES ('00154', '876512252', 145, '3746227422893401', TO_DATE('2016-09-09', 'YYYY-MM-DD'), 'Y', 'PHL', 'PIT');
INSERT INTO Reservation VALUES ('00155', '022336771', 145, '5038048843086214', TO_DATE('2016-08-31', 'YYYY-MM-DD'), 'Y', 'PHL', 'PIT');
INSERT INTO Reservation VALUES ('00156', '060296675', 145, '2015943335115901', TO_DATE('2016-09-06', 'YYYY-MM-DD'), 'Y', 'PHL', 'PIT');
INSERT INTO Reservation VALUES ('00157', '993573872', 145, '6398230535114805', TO_DATE('2016-08-14', 'YYYY-MM-DD'), 'N', 'PHL', 'PIT');
INSERT INTO Reservation VALUES ('00158', '628811308', 145, '5002359554209301', TO_DATE('2016-07-25', 'YYYY-MM-DD'), 'N', 'PHL', 'PIT');
INSERT INTO Reservation VALUES ('00159', '476325601', 145, '3538377105296765', TO_DATE('2016-08-03', 'YYYY-MM-DD'), 'N', 'PHL', 'PIT');
INSERT INTO Reservation VALUES ('00160', '336371776', 145, '3246884439393443', TO_DATE('2016-08-01', 'YYYY-MM-DD'), 'Y', 'PHL', 'PIT');
INSERT INTO Reservation VALUES ('00161', '441847410', 145, '4405589764362013', TO_DATE('2016-09-15', 'YYYY-MM-DD'), 'Y', 'PHL', 'PIT');
INSERT INTO Reservation VALUES ('00162', '010043009', 145, '3539027663863998', TO_DATE('2016-09-05', 'YYYY-MM-DD'), 'N', 'PHL', 'PIT');
INSERT INTO Reservation VALUES ('00163', '261143635', 145, '3580338269440455', TO_DATE('2016-07-29', 'YYYY-MM-DD'), 'N', 'PHL', 'PIT');
INSERT INTO Reservation VALUES ('00164', '225727259', 145, '3529890714235132', TO_DATE('2016-07-20', 'YYYY-MM-DD'), 'Y', 'PHL', 'PIT');
INSERT INTO Reservation VALUES ('00165', '425775421', 145, '2015615267406975', TO_DATE('2016-08-15', 'YYYY-MM-DD'), 'N', 'PHL', 'PIT');
INSERT INTO Reservation VALUES ('00166', '323431444', 145, '3544502582310241', TO_DATE('2016-08-28', 'YYYY-MM-DD'), 'N', 'PHL', 'PIT');
INSERT INTO Reservation VALUES ('00167', '688262513', 145, '6767193313122508', TO_DATE('2016-09-17', 'YYYY-MM-DD'), 'N', 'PHL', 'PIT');
INSERT INTO Reservation VALUES ('00168', '418692439', 145, '6304401183098940', TO_DATE('2016-09-23', 'YYYY-MM-DD'), 'Y', 'PHL', 'PIT');
INSERT INTO Reservation VALUES ('00169', '060741760', 145, '4405086254454384', TO_DATE('2016-07-31', 'YYYY-MM-DD'), 'Y', 'PHL', 'PIT');
INSERT INTO Reservation VALUES ('00170', '377520017', 145, '3541065139963725', TO_DATE('2016-09-08', 'YYYY-MM-DD'), 'N', 'PHL', 'PIT');
INSERT INTO Reservation VALUES ('00171', '705506007', 145, '3556300611083250', TO_DATE('2016-09-01', 'YYYY-MM-DD'), 'Y', 'PHL', 'PIT');
INSERT INTO Reservation VALUES ('00172', '465311169', 145, '5493573066974576', TO_DATE('2016-08-14', 'YYYY-MM-DD'), 'N', 'PHL', 'PIT');
INSERT INTO Reservation VALUES ('00173', '306759701', 145, '3567833385258804', TO_DATE('2016-10-02', 'YYYY-MM-DD'), 'Y', 'PHL', 'PIT');
INSERT INTO Reservation VALUES ('00174', '470086382', 145, '5602259198826763', TO_DATE('2016-08-21', 'YYYY-MM-DD'), 'N', 'PHL', 'PIT');
INSERT INTO Reservation VALUES ('00175', '039693261', 145, '3240206910977583', TO_DATE('2016-07-31', 'YYYY-MM-DD'), 'N', 'PHL', 'PIT');
INSERT INTO Reservation VALUES ('00176', '138395082', 145, '6333485263889592', TO_DATE('2016-07-13', 'YYYY-MM-DD'), 'N', 'PHL', 'PIT');
INSERT INTO Reservation VALUES ('00177', '290954386', 145, '3569066057122218', TO_DATE('2016-08-31', 'YYYY-MM-DD'), 'N', 'PHL', 'PIT');
INSERT INTO Reservation VALUES ('00178', '903501759', 145, '2018377321454901', TO_DATE('2016-07-31', 'YYYY-MM-DD'), 'N', 'PHL', 'PIT');
INSERT INTO Reservation VALUES ('00179', '058600741', 145, '3542128487090613', TO_DATE('2016-09-27', 'YYYY-MM-DD'), 'Y', 'PHL', 'PIT');
INSERT INTO Reservation VALUES ('00180', '932606005', 145, '3531671173179565', TO_DATE('2016-08-16', 'YYYY-MM-DD'), 'N', 'PHL', 'PIT');
INSERT INTO Reservation VALUES ('00181', '843029789', 145, '4026263088194325', TO_DATE('2016-08-26', 'YYYY-MM-DD'), 'N', 'PHL', 'PIT');
INSERT INTO Reservation VALUES ('00182', '767755837', 145, '5020017632921531', TO_DATE('2016-08-15', 'YYYY-MM-DD'), 'N', 'PHL', 'PIT');
INSERT INTO Reservation VALUES ('00183', '158779165', 145, '3547977780276328', TO_DATE('2016-08-25', 'YYYY-MM-DD'), 'Y', 'PHL', 'PIT');
INSERT INTO Reservation VALUES ('00184', '605312268', 145, '5108753141173868', TO_DATE('2016-07-28', 'YYYY-MM-DD'), 'Y', 'PHL', 'PIT');
INSERT INTO Reservation VALUES ('00185', '084592637', 145, '3586485157084145', TO_DATE('2016-09-09', 'YYYY-MM-DD'), 'Y', 'PHL', 'PIT');
INSERT INTO Reservation VALUES ('00186', '455312357', 145, '5048376367188122', TO_DATE('2016-10-01', 'YYYY-MM-DD'), 'N', 'PHL', 'PIT');
INSERT INTO Reservation VALUES ('00187', '465311169', 145, '5493573066974576', TO_DATE('2016-07-15', 'YYYY-MM-DD'), 'N', 'PHL', 'PIT');
INSERT INTO Reservation VALUES ('00188', '834992181', 145, '3533556581243061', TO_DATE('2016-08-31', 'YYYY-MM-DD'), 'N', 'PHL', 'PIT');
INSERT INTO Reservation VALUES ('00189', '465311169', 145, '5493573066974576', TO_DATE('2016-09-13', 'YYYY-MM-DD'), 'N', 'PHL', 'PIT');
INSERT INTO Reservation VALUES ('00190', '679526089', 145, '4936587541927513', TO_DATE('2016-10-01', 'YYYY-MM-DD'), 'Y', 'PHL', 'PIT');
INSERT INTO Reservation VALUES ('00191', '368270371', 145, '6304168618182757', TO_DATE('2016-09-21', 'YYYY-MM-DD'), 'Y', 'PHL', 'PIT');
INSERT INTO Reservation VALUES ('00192', '257834318', 145, '3574228070210049', TO_DATE('2016-09-08', 'YYYY-MM-DD'), 'Y', 'PHL', 'PIT');
INSERT INTO Reservation VALUES ('00193', '605312268', 145, '5108753141173868', TO_DATE('2016-09-22', 'YYYY-MM-DD'), 'N', 'PHL', 'PIT');
INSERT INTO Reservation VALUES ('00194', '843029789', 145, '4026263088194325', TO_DATE('2016-07-15', 'YYYY-MM-DD'), 'Y', 'PHL', 'PIT');
INSERT INTO Reservation VALUES ('00195', '306759701', 145, '3567833385258804', TO_DATE('2016-09-04', 'YYYY-MM-DD'), 'Y', 'PHL', 'PIT');
INSERT INTO Reservation VALUES ('00196', '460905263', 145, '4041595933029201', TO_DATE('2016-10-12', 'YYYY-MM-DD'), 'N', 'PHL', 'PIT');
INSERT INTO Reservation VALUES ('00197', '959616303', 145, '5602231751842105', TO_DATE('2016-10-09', 'YYYY-MM-DD'), 'Y', 'PHL', 'PIT');
INSERT INTO Reservation VALUES ('00198', '679526089', 145, '4936587541927513', TO_DATE('2016-10-11', 'YYYY-MM-DD'), 'N', 'PHL', 'PIT');
INSERT INTO Reservation VALUES ('00199', '275525356', 145, '3540336634720246', TO_DATE('2016-07-22', 'YYYY-MM-DD'), 'N', 'PHL', 'PIT');
INSERT INTO Reservation VALUES ('00200', '334770652', 145, '3559481274125070', TO_DATE('2016-10-04', 'YYYY-MM-DD'), 'Y', 'PHL', 'PIT');
INSERT INTO Reservation VALUES ('00201', '641144494', 145, '2015757851472912', TO_DATE('2016-08-30', 'YYYY-MM-DD'), 'N', 'PHL', 'PIT');
INSERT INTO Reservation VALUES ('00202', '232062224', 145, '3530572097092705', TO_DATE('2016-08-28', 'YYYY-MM-DD'), 'Y', 'PHL', 'PIT');
INSERT INTO Reservation VALUES ('00203', '924484952', 145, '3566186992746138', TO_DATE('2016-09-08', 'YYYY-MM-DD'), 'N', 'PHL', 'PIT');
INSERT INTO Reservation VALUES ('00204', '425775421', 145, '2015615267406975', TO_DATE('2016-10-08', 'YYYY-MM-DD'), 'Y', 'PHL', 'PIT');
INSERT INTO Reservation VALUES ('00205', '211564726', 145, '3583908256465397', TO_DATE('2016-07-15', 'YYYY-MM-DD'), 'Y', 'PHL', 'PIT');
INSERT INTO Reservation VALUES ('00206', '377520017', 145, '3541065139963725', TO_DATE('2016-07-28', 'YYYY-MM-DD'), 'Y', 'PHL', 'PIT');
INSERT INTO Reservation VALUES ('00207', '931295474', 145, '5602250297180087', TO_DATE('2016-07-21', 'YYYY-MM-DD'), 'N', 'PHL', 'PIT');
INSERT INTO Reservation VALUES ('00208', '223415306', 145, '3560339404585075', TO_DATE('2016-10-12', 'YYYY-MM-DD'), 'N', 'PHL', 'PIT');
INSERT INTO Reservation VALUES ('00209', '792025611', 145, '2018886542674413', TO_DATE('2016-08-03', 'YYYY-MM-DD'), 'Y', 'PHL', 'PIT');
INSERT INTO Reservation VALUES ('00210', '896711806', 145, '3558911136906698', TO_DATE('2016-07-13', 'YYYY-MM-DD'), 'N', 'PHL', 'PIT');
INSERT INTO Reservation VALUES ('00211', '415216159', 145, '3723010974979305', TO_DATE('2016-09-21', 'YYYY-MM-DD'), 'N', 'PHL', 'PIT');
INSERT INTO Reservation VALUES ('00212', '641144494', 145, '2015757851472912', TO_DATE('2016-07-29', 'YYYY-MM-DD'), 'N', 'PHL', 'PIT');
INSERT INTO Reservation VALUES ('00213', '092127284', 145, '4913978704206890', TO_DATE('2016-08-26', 'YYYY-MM-DD'), 'N', 'PHL', 'PIT');
INSERT INTO Reservation VALUES ('00214', '792025611', 145, '2018886542674413', TO_DATE('2016-07-29', 'YYYY-MM-DD'), 'N', 'PHL', 'PIT');
INSERT INTO Reservation VALUES ('00215', '924484952', 145, '3566186992746138', TO_DATE('2016-09-04', 'YYYY-MM-DD'), 'Y', 'PHL', 'PIT');
INSERT INTO Reservation VALUES ('00216', '587561914', 145, '2015420955128795', TO_DATE('2016-08-21', 'YYYY-MM-DD'), 'N', 'PHL', 'PIT');
INSERT INTO Reservation VALUES ('00217', '211564726', 145, '3583908256465397', TO_DATE('2016-07-15', 'YYYY-MM-DD'), 'N', 'PHL', 'PIT');
INSERT INTO Reservation VALUES ('00218', '158779165', 145, '3547977780276328', TO_DATE('2016-09-09', 'YYYY-MM-DD'), 'N', 'PHL', 'PIT');
INSERT INTO Reservation VALUES ('00219', '993435740', 145, '6763008981985416', TO_DATE('2016-09-23', 'YYYY-MM-DD'), 'N', 'PHL', 'PIT');
INSERT INTO Reservation VALUES ('00220', '605312268', 145, '5108753141173868', TO_DATE('2016-08-09', 'YYYY-MM-DD'), 'N', 'PHL', 'PIT');
INSERT INTO Reservation VALUES ('00221', '705506007', 145, '3556300611083250', TO_DATE('2016-08-19', 'YYYY-MM-DD'), 'Y', 'PHL', 'PIT');
INSERT INTO Reservation VALUES ('00222', '855241708', 145, '3581661252258272', TO_DATE('2016-10-10', 'YYYY-MM-DD'), 'N', 'PHL', 'PIT');
INSERT INTO Reservation VALUES ('00223', '401746041', 145, '6372371069328682', TO_DATE('2016-09-19', 'YYYY-MM-DD'), 'N', 'PHL', 'PIT');
INSERT INTO Reservation VALUES ('00224', '767037065', 145, '3240029063829124', TO_DATE('2016-09-20', 'YYYY-MM-DD'), 'N', 'PHL', 'PIT');
INSERT INTO Reservation VALUES ('00225', '052212415', 145, '5038380190872708', TO_DATE('2016-08-22', 'YYYY-MM-DD'), 'Y', 'PHL', 'PIT');
INSERT INTO Reservation VALUES ('00226', '650694462', 145, '3745622325346665', TO_DATE('2016-07-13', 'YYYY-MM-DD'), 'Y', 'PHL', 'PIT');
INSERT INTO Reservation VALUES ('00227', '476325601', 145, '3538377105296765', TO_DATE('2016-09-23', 'YYYY-MM-DD'), 'N', 'PHL', 'PIT');
INSERT INTO Reservation VALUES ('00228', '618089561', 145, '3745576543973074', TO_DATE('2016-09-06', 'YYYY-MM-DD'), 'N', 'PHL', 'PIT');
INSERT INTO Reservation VALUES ('00229', '334770652', 145, '3559481274125070', TO_DATE('2016-09-19', 'YYYY-MM-DD'), 'Y', 'PHL', 'PIT');
INSERT INTO Reservation VALUES ('00230', '314593117', 145, '5427290120061677', TO_DATE('2016-08-30', 'YYYY-MM-DD'), 'Y', 'PHL', 'PIT');
INSERT INTO Reservation VALUES ('00231', '855241708', 145, '3581661252258272', TO_DATE('2016-09-13', 'YYYY-MM-DD'), 'Y', 'PHL', 'PIT');
INSERT INTO Reservation VALUES ('00232', '455312357', 145, '5048376367188122', TO_DATE('2016-07-22', 'YYYY-MM-DD'), 'N', 'PHL', 'PIT');
INSERT INTO Reservation VALUES ('00233', '010043009', 145, '3539027663863998', TO_DATE('2016-08-19', 'YYYY-MM-DD'), 'Y', 'PHL', 'PIT');
INSERT INTO Reservation VALUES ('00234', '321105914', 145, '5018588068078518', TO_DATE('2016-08-13', 'YYYY-MM-DD'), 'N', 'PHL', 'PIT');
INSERT INTO Reservation VALUES ('00235', '913001171', 145, '3566283833557020', TO_DATE('2016-09-26', 'YYYY-MM-DD'), 'N', 'PHL', 'PIT');
INSERT INTO Reservation VALUES ('00236', '877008925', 145, '5893746746640352', TO_DATE('2016-08-14', 'YYYY-MM-DD'), 'Y', 'PHL', 'PIT');
INSERT INTO Reservation VALUES ('00237', '312913833', 145, '6333379605535232', TO_DATE('2016-08-26', 'YYYY-MM-DD'), 'N', 'PHL', 'PIT');
INSERT INTO Reservation VALUES ('00238', '010043009', 145, '3539027663863998', TO_DATE('2016-10-07', 'YYYY-MM-DD'), 'Y', 'PHL', 'PIT');
INSERT INTO Reservation VALUES ('00239', '353534828', 145, '3538974742736862', TO_DATE('2016-07-29', 'YYYY-MM-DD'), 'N', 'PHL', 'PIT');
INSERT INTO Reservation VALUES ('00240', '330142435', 145, '3528386158213074', TO_DATE('2016-07-27', 'YYYY-MM-DD'), 'Y', 'PHL', 'PIT');
INSERT INTO Reservation VALUES ('00241', '585415136', 145, '2015485920926045', TO_DATE('2016-07-24', 'YYYY-MM-DD'), 'Y', 'PHL', 'PIT');
INSERT INTO Reservation VALUES ('00242', '257834318', 145, '3574228070210049', TO_DATE('2016-09-07', 'YYYY-MM-DD'), 'N', 'PHL', 'PIT');
INSERT INTO Reservation VALUES ('00243', '641144494', 145, '2015757851472912', TO_DATE('2016-07-26', 'YYYY-MM-DD'), 'N', 'PHL', 'PIT');
INSERT INTO Reservation VALUES ('00244', '476325601', 145, '3538377105296765', TO_DATE('2016-09-29', 'YYYY-MM-DD'), 'Y', 'PHL', 'PIT');
INSERT INTO Reservation VALUES ('00245', '882879297', 145, '5442568766702535', TO_DATE('2016-08-05', 'YYYY-MM-DD'), 'Y', 'PHL', 'PIT');
INSERT INTO Reservation VALUES ('00246', '377520017', 145, '3541065139963725', TO_DATE('2016-08-18', 'YYYY-MM-DD'), 'N', 'PHL', 'PIT');
INSERT INTO Reservation VALUES ('00247', '577426667', 145, '5377837638383835', TO_DATE('2016-08-30', 'YYYY-MM-DD'), 'N', 'PHL', 'PIT');
INSERT INTO Reservation VALUES ('00248', '224147032', 145, '5602219772529969', TO_DATE('2016-08-24', 'YYYY-MM-DD'), 'Y', 'PHL', 'PIT');
INSERT INTO Reservation VALUES ('00249', '290983981', 145, '3576646531944559', TO_DATE('2016-07-17', 'YYYY-MM-DD'), 'Y', 'PHL', 'PIT');
INSERT INTO Reservation VALUES ('00250', '005223603', 145, '3549540237621765', TO_DATE('2016-10-08', 'YYYY-MM-DD'), 'Y', 'PHL', 'PIT');
INSERT INTO Reservation VALUES ('00251', '604679470', 145, '3587395663272051', TO_DATE('2016-09-28', 'YYYY-MM-DD'), 'N', 'PHL', 'PIT');
INSERT INTO Reservation VALUES ('00252', '931295474', 145, '5602250297180087', TO_DATE('2016-08-15', 'YYYY-MM-DD'), 'N', 'PHL', 'PIT');
INSERT INTO Reservation VALUES ('00253', '605312268', 145, '5108753141173868', TO_DATE('2016-08-01', 'YYYY-MM-DD'), 'N', 'PHL', 'PIT');
INSERT INTO Reservation VALUES ('00254', '052212415', 145, '5038380190872708', TO_DATE('2016-08-18', 'YYYY-MM-DD'), 'N', 'PHL', 'PIT');
INSERT INTO Reservation VALUES ('00255', '927863324', 145, '6759372103122025', TO_DATE('2016-09-01', 'YYYY-MM-DD'), 'N', 'PHL', 'PIT');
INSERT INTO Reservation VALUES ('00256', '257834318', 145, '3574228070210049', TO_DATE('2016-09-30', 'YYYY-MM-DD'), 'N', 'PHL', 'PIT');
INSERT INTO Reservation VALUES ('00257', '476325601', 145, '3538377105296765', TO_DATE('2016-08-27', 'YYYY-MM-DD'), 'Y', 'PHL', 'PIT');
INSERT INTO Reservation VALUES ('00258', '441847410', 145, '4405589764362013', TO_DATE('2016-09-10', 'YYYY-MM-DD'), 'Y', 'PHL', 'PIT');
INSERT INTO Reservation VALUES ('00259', '813752290', 145, '3567112691890711', TO_DATE('2016-08-05', 'YYYY-MM-DD'), 'Y', 'PHL', 'PIT');
INSERT INTO Reservation VALUES ('00260', '158779165', 145, '3547977780276328', TO_DATE('2016-09-12', 'YYYY-MM-DD'), 'Y', 'PHL', 'PIT');
INSERT INTO Reservation VALUES ('00261', '290954386', 145, '3569066057122218', TO_DATE('2016-07-30', 'YYYY-MM-DD'), 'N', 'PHL', 'PIT');
INSERT INTO Reservation VALUES ('00262', '504234038', 145, '4041599394245488', TO_DATE('2016-09-23', 'YYYY-MM-DD'), 'N', 'PHL', 'PIT');
INSERT INTO Reservation VALUES ('00263', '143927676', 145, '2015829584627425', TO_DATE('2016-09-15', 'YYYY-MM-DD'), 'Y', 'PHL', 'PIT');
INSERT INTO Reservation VALUES ('00264', '628811308', 145, '5002359554209301', TO_DATE('2016-08-18', 'YYYY-MM-DD'), 'Y', 'PHL', 'PIT');
INSERT INTO Reservation VALUES ('00265', '792612178', 145, '3540638818775395', TO_DATE('2016-10-02', 'YYYY-MM-DD'), 'N', 'PHL', 'PIT');
INSERT INTO Reservation VALUES ('00266', '324224797', 145, '5602212253571428', TO_DATE('2016-09-25', 'YYYY-MM-DD'), 'Y', 'PHL', 'PIT');
INSERT INTO Reservation VALUES ('00267', '772106438', 145, '5602246291548360', TO_DATE('2016-10-05', 'YYYY-MM-DD'), 'N', 'PHL', 'PIT');
INSERT INTO Reservation VALUES ('00268', '116673344', 145, '4240179588139225', TO_DATE('2016-10-06', 'YYYY-MM-DD'), 'N', 'PHL', 'PIT');
INSERT INTO Reservation VALUES ('00269', '625048019', 145, '4844312484458139', TO_DATE('2016-10-07', 'YYYY-MM-DD'), 'N', 'PHL', 'PIT');
INSERT INTO Reservation VALUES ('00270', '246743077', 145, '6304610513268066', TO_DATE('2016-07-27', 'YYYY-MM-DD'), 'Y', 'PHL', 'PIT');
INSERT INTO Reservation VALUES ('00271', '070463152', 145, '3558867684253786', TO_DATE('2016-08-11', 'YYYY-MM-DD'), 'Y', 'PHL', 'PIT');
INSERT INTO Reservation VALUES ('00272', '734144494', 145, '3582834047788114', TO_DATE('2016-07-13', 'YYYY-MM-DD'), 'Y', 'PHL', 'PIT');
INSERT INTO Reservation VALUES ('00273', '323431444', 145, '3544502582310241', TO_DATE('2016-08-02', 'YYYY-MM-DD'), 'Y', 'PHL', 'PIT');
INSERT INTO Reservation VALUES ('00274', '993291050', 145, '6304076105789975', TO_DATE('2016-09-05', 'YYYY-MM-DD'), 'Y', 'PHL', 'PIT');
INSERT INTO Reservation VALUES ('00275', '376667656', 145, '6762650735186433', TO_DATE('2016-09-12', 'YYYY-MM-DD'), 'N', 'PHL', 'PIT');
INSERT INTO Reservation VALUES ('00276', '048211278', 145, '5641823899204583', TO_DATE('2016-10-11', 'YYYY-MM-DD'), 'Y', 'PHL', 'PIT');
INSERT INTO Reservation VALUES ('00277', '415216159', 145, '3723010974979305', TO_DATE('2016-10-10', 'YYYY-MM-DD'), 'Y', 'PHL', 'PIT');
INSERT INTO Reservation VALUES ('00278', '575271154', 145, '3568021860995905', TO_DATE('2016-07-18', 'YYYY-MM-DD'), 'Y', 'PHL', 'PIT');
INSERT INTO Reservation VALUES ('00279', '569712851', 145, '3545385346668040', TO_DATE('2016-10-06', 'YYYY-MM-DD'), 'Y', 'PHL', 'PIT');
INSERT INTO Reservation VALUES ('00280', '029468622', 145, '5108751572446324', TO_DATE('2016-09-08', 'YYYY-MM-DD'), 'N', 'PHL', 'PIT');
INSERT INTO Reservation VALUES ('00281', '415984424', 145, '6767212810201328', TO_DATE('2016-09-11', 'YYYY-MM-DD'), 'N', 'PHL', 'PIT');
INSERT INTO Reservation VALUES ('00282', '562722960', 145, '3579073747476226', TO_DATE('2016-10-07', 'YYYY-MM-DD'), 'Y', 'PHL', 'PIT');
INSERT INTO Reservation VALUES ('00283', '853139997', 145, '2017365799981139', TO_DATE('2016-09-28', 'YYYY-MM-DD'), 'N', 'PHL', 'PIT');
INSERT INTO Reservation VALUES ('00284', '306759701', 145, '3567833385258804', TO_DATE('2016-08-23', 'YYYY-MM-DD'), 'Y', 'PHL', 'PIT');
INSERT INTO Reservation VALUES ('00285', '030603291', 145, '6771337927706568', TO_DATE('2016-08-26', 'YYYY-MM-DD'), 'Y', 'PHL', 'PIT');
INSERT INTO Reservation VALUES ('00286', '793103552', 145, '6709202315903585', TO_DATE('2016-10-07', 'YYYY-MM-DD'), 'Y', 'PHL', 'PIT');
INSERT INTO Reservation VALUES ('00287', '374298834', 145, '6762521010617681', TO_DATE('2016-09-28', 'YYYY-MM-DD'), 'Y', 'PHL', 'PIT');
INSERT INTO Reservation VALUES ('00288', '225727259', 145, '3529890714235132', TO_DATE('2016-07-19', 'YYYY-MM-DD'), 'Y', 'PHL', 'PIT');
INSERT INTO Reservation VALUES ('00289', '261143635', 145, '3580338269440455', TO_DATE('2016-09-07', 'YYYY-MM-DD'), 'Y', 'PHL', 'PIT');
INSERT INTO Reservation VALUES ('00290', '792612178', 145, '3540638818775395', TO_DATE('2016-08-27', 'YYYY-MM-DD'), 'Y', 'PHL', 'PIT');
INSERT INTO Reservation VALUES ('00291', '138103345', 145, '3553277637632398', TO_DATE('2016-07-27', 'YYYY-MM-DD'), 'N', 'PHL', 'PIT');
INSERT INTO Reservation VALUES ('00292', '377520017', 145, '3541065139963725', TO_DATE('2016-08-08', 'YYYY-MM-DD'), 'N', 'PHL', 'PIT');
INSERT INTO Reservation VALUES ('00293', '415216159', 145, '3723010974979305', TO_DATE('2016-10-03', 'YYYY-MM-DD'), 'Y', 'PHL', 'PIT');
INSERT INTO Reservation VALUES ('00294', '290983981', 145, '3576646531944559', TO_DATE('2016-10-01', 'YYYY-MM-DD'), 'Y', 'PHL', 'PIT');
INSERT INTO Reservation VALUES ('00295', '648019755', 145, '5602238460902176', TO_DATE('2016-09-29', 'YYYY-MM-DD'), 'Y', 'PHL', 'PIT');
INSERT INTO Reservation VALUES ('00296', '834992181', 145, '3533556581243061', TO_DATE('2016-07-17', 'YYYY-MM-DD'), 'N', 'PHL', 'PIT');
INSERT INTO Reservation VALUES ('00297', '058600741', 145, '3542128487090613', TO_DATE('2016-09-22', 'YYYY-MM-DD'), 'N', 'PHL', 'PIT');
INSERT INTO Reservation VALUES ('00298', '060296675', 145, '2015943335115901', TO_DATE('2016-09-19', 'YYYY-MM-DD'), 'Y', 'PHL', 'PIT');
INSERT INTO Reservation VALUES ('00299', '490160667', 145, '5893186547540647', TO_DATE('2016-07-20', 'YYYY-MM-DD'), 'Y', 'PHL', 'PIT');
INSERT INTO Reservation VALUES ('00300', '048211278', 145, '5641823899204583', TO_DATE('2016-08-17', 'YYYY-MM-DD'), 'N', 'PHL', 'PIT');

INSERT INTO Reservation_Detail VALUES ('00001', '001', TO_DATE('2016-11-23', 'YYYY-MM-DD'), 0);
INSERT INTO Reservation_Detail VALUES ('00002', '001', TO_DATE('2016-11-23', 'YYYY-MM-DD'), 0);
INSERT INTO Reservation_Detail VALUES ('00003', '001', TO_DATE('2016-11-23', 'YYYY-MM-DD'), 0);
INSERT INTO Reservation_Detail VALUES ('00004', '001', TO_DATE('2016-11-23', 'YYYY-MM-DD'), 0);
INSERT INTO Reservation_Detail VALUES ('00005', '001', TO_DATE('2016-11-23', 'YYYY-MM-DD'), 0);
INSERT INTO Reservation_Detail VALUES ('00006', '001', TO_DATE('2016-11-23', 'YYYY-MM-DD'), 0);
INSERT INTO Reservation_Detail VALUES ('00007', '001', TO_DATE('2016-11-23', 'YYYY-MM-DD'), 0);
INSERT INTO Reservation_Detail VALUES ('00008', '001', TO_DATE('2016-11-23', 'YYYY-MM-DD'), 0);
INSERT INTO Reservation_Detail VALUES ('00009', '001', TO_DATE('2016-11-23', 'YYYY-MM-DD'), 0);
INSERT INTO Reservation_Detail VALUES ('00010', '001', TO_DATE('2016-11-23', 'YYYY-MM-DD'), 0);
INSERT INTO Reservation_Detail VALUES ('00011', '001', TO_DATE('2016-11-23', 'YYYY-MM-DD'), 0);
INSERT INTO Reservation_Detail VALUES ('00012', '001', TO_DATE('2016-11-23', 'YYYY-MM-DD'), 0);
INSERT INTO Reservation_Detail VALUES ('00013', '001', TO_DATE('2016-11-23', 'YYYY-MM-DD'), 0);
INSERT INTO Reservation_Detail VALUES ('00014', '001', TO_DATE('2016-11-23', 'YYYY-MM-DD'), 0);
INSERT INTO Reservation_Detail VALUES ('00015', '001', TO_DATE('2016-11-23', 'YYYY-MM-DD'), 0);
INSERT INTO Reservation_Detail VALUES ('00016', '001', TO_DATE('2016-11-23', 'YYYY-MM-DD'), 0);
INSERT INTO Reservation_Detail VALUES ('00017', '001', TO_DATE('2016-11-23', 'YYYY-MM-DD'), 0);
INSERT INTO Reservation_Detail VALUES ('00018', '001', TO_DATE('2016-11-23', 'YYYY-MM-DD'), 0);
INSERT INTO Reservation_Detail VALUES ('00019', '001', TO_DATE('2016-11-23', 'YYYY-MM-DD'), 0);
INSERT INTO Reservation_Detail VALUES ('00020', '001', TO_DATE('2016-11-23', 'YYYY-MM-DD'), 0);
INSERT INTO Reservation_Detail VALUES ('00021', '001', TO_DATE('2016-11-23', 'YYYY-MM-DD'), 0);
INSERT INTO Reservation_Detail VALUES ('00022', '001', TO_DATE('2016-11-23', 'YYYY-MM-DD'), 0);
INSERT INTO Reservation_Detail VALUES ('00023', '001', TO_DATE('2016-11-23', 'YYYY-MM-DD'), 0);
INSERT INTO Reservation_Detail VALUES ('00024', '001', TO_DATE('2016-11-23', 'YYYY-MM-DD'), 0);
INSERT INTO Reservation_Detail VALUES ('00025', '001', TO_DATE('2016-11-23', 'YYYY-MM-DD'), 0);
INSERT INTO Reservation_Detail VALUES ('00026', '001', TO_DATE('2016-11-23', 'YYYY-MM-DD'), 0);
INSERT INTO Reservation_Detail VALUES ('00027', '001', TO_DATE('2016-11-23', 'YYYY-MM-DD'), 0);
INSERT INTO Reservation_Detail VALUES ('00028', '001', TO_DATE('2016-11-23', 'YYYY-MM-DD'), 0);
INSERT INTO Reservation_Detail VALUES ('00029', '001', TO_DATE('2016-11-23', 'YYYY-MM-DD'), 0);
INSERT INTO Reservation_Detail VALUES ('00030', '001', TO_DATE('2016-11-23', 'YYYY-MM-DD'), 0);
INSERT INTO Reservation_Detail VALUES ('00031', '001', TO_DATE('2016-11-23', 'YYYY-MM-DD'), 0);
INSERT INTO Reservation_Detail VALUES ('00032', '001', TO_DATE('2016-11-23', 'YYYY-MM-DD'), 0);
INSERT INTO Reservation_Detail VALUES ('00033', '001', TO_DATE('2016-11-23', 'YYYY-MM-DD'), 0);
INSERT INTO Reservation_Detail VALUES ('00034', '001', TO_DATE('2016-11-23', 'YYYY-MM-DD'), 0);
INSERT INTO Reservation_Detail VALUES ('00035', '001', TO_DATE('2016-11-23', 'YYYY-MM-DD'), 0);
INSERT INTO Reservation_Detail VALUES ('00036', '001', TO_DATE('2016-11-23', 'YYYY-MM-DD'), 0);
INSERT INTO Reservation_Detail VALUES ('00037', '001', TO_DATE('2016-11-23', 'YYYY-MM-DD'), 0);
INSERT INTO Reservation_Detail VALUES ('00038', '001', TO_DATE('2016-11-23', 'YYYY-MM-DD'), 0);
INSERT INTO Reservation_Detail VALUES ('00039', '001', TO_DATE('2016-11-23', 'YYYY-MM-DD'), 0);
INSERT INTO Reservation_Detail VALUES ('00040', '001', TO_DATE('2016-11-23', 'YYYY-MM-DD'), 0);
INSERT INTO Reservation_Detail VALUES ('00041', '001', TO_DATE('2016-11-23', 'YYYY-MM-DD'), 0);
INSERT INTO Reservation_Detail VALUES ('00042', '001', TO_DATE('2016-11-23', 'YYYY-MM-DD'), 0);
INSERT INTO Reservation_Detail VALUES ('00043', '001', TO_DATE('2016-11-23', 'YYYY-MM-DD'), 0);
INSERT INTO Reservation_Detail VALUES ('00044', '001', TO_DATE('2016-11-23', 'YYYY-MM-DD'), 0);
INSERT INTO Reservation_Detail VALUES ('00045', '001', TO_DATE('2016-11-23', 'YYYY-MM-DD'), 0);
INSERT INTO Reservation_Detail VALUES ('00046', '001', TO_DATE('2016-11-23', 'YYYY-MM-DD'), 0);
INSERT INTO Reservation_Detail VALUES ('00047', '001', TO_DATE('2016-11-23', 'YYYY-MM-DD'), 0);
INSERT INTO Reservation_Detail VALUES ('00048', '001', TO_DATE('2016-11-23', 'YYYY-MM-DD'), 0);
INSERT INTO Reservation_Detail VALUES ('00049', '001', TO_DATE('2016-11-23', 'YYYY-MM-DD'), 0);
INSERT INTO Reservation_Detail VALUES ('00050', '001', TO_DATE('2016-11-23', 'YYYY-MM-DD'), 0);
INSERT INTO Reservation_Detail VALUES ('00051', '001', TO_DATE('2016-11-23', 'YYYY-MM-DD'), 0);
INSERT INTO Reservation_Detail VALUES ('00052', '001', TO_DATE('2016-11-23', 'YYYY-MM-DD'), 0);
INSERT INTO Reservation_Detail VALUES ('00053', '001', TO_DATE('2016-11-23', 'YYYY-MM-DD'), 0);
INSERT INTO Reservation_Detail VALUES ('00054', '001', TO_DATE('2016-11-23', 'YYYY-MM-DD'), 0);
INSERT INTO Reservation_Detail VALUES ('00055', '001', TO_DATE('2016-11-23', 'YYYY-MM-DD'), 0);
INSERT INTO Reservation_Detail VALUES ('00056', '001', TO_DATE('2016-11-23', 'YYYY-MM-DD'), 0);
INSERT INTO Reservation_Detail VALUES ('00057', '001', TO_DATE('2016-11-23', 'YYYY-MM-DD'), 0);
INSERT INTO Reservation_Detail VALUES ('00058', '001', TO_DATE('2016-11-23', 'YYYY-MM-DD'), 0);
INSERT INTO Reservation_Detail VALUES ('00059', '001', TO_DATE('2016-11-23', 'YYYY-MM-DD'), 0);
INSERT INTO Reservation_Detail VALUES ('00060', '001', TO_DATE('2016-11-23', 'YYYY-MM-DD'), 0);
INSERT INTO Reservation_Detail VALUES ('00061', '001', TO_DATE('2016-11-23', 'YYYY-MM-DD'), 0);
INSERT INTO Reservation_Detail VALUES ('00062', '001', TO_DATE('2016-11-23', 'YYYY-MM-DD'), 0);
INSERT INTO Reservation_Detail VALUES ('00063', '001', TO_DATE('2016-11-23', 'YYYY-MM-DD'), 0);
INSERT INTO Reservation_Detail VALUES ('00064', '001', TO_DATE('2016-11-23', 'YYYY-MM-DD'), 0);
INSERT INTO Reservation_Detail VALUES ('00065', '001', TO_DATE('2016-11-23', 'YYYY-MM-DD'), 0);
INSERT INTO Reservation_Detail VALUES ('00066', '001', TO_DATE('2016-11-23', 'YYYY-MM-DD'), 0);
INSERT INTO Reservation_Detail VALUES ('00067', '001', TO_DATE('2016-11-23', 'YYYY-MM-DD'), 0);
INSERT INTO Reservation_Detail VALUES ('00068', '001', TO_DATE('2016-11-23', 'YYYY-MM-DD'), 0);
INSERT INTO Reservation_Detail VALUES ('00069', '001', TO_DATE('2016-11-23', 'YYYY-MM-DD'), 0);
INSERT INTO Reservation_Detail VALUES ('00070', '001', TO_DATE('2016-11-23', 'YYYY-MM-DD'), 0);
INSERT INTO Reservation_Detail VALUES ('00071', '001', TO_DATE('2016-11-23', 'YYYY-MM-DD'), 0);
INSERT INTO Reservation_Detail VALUES ('00072', '001', TO_DATE('2016-11-23', 'YYYY-MM-DD'), 0);
INSERT INTO Reservation_Detail VALUES ('00073', '001', TO_DATE('2016-11-23', 'YYYY-MM-DD'), 0);
INSERT INTO Reservation_Detail VALUES ('00074', '001', TO_DATE('2016-11-23', 'YYYY-MM-DD'), 0);
INSERT INTO Reservation_Detail VALUES ('00075', '001', TO_DATE('2016-11-23', 'YYYY-MM-DD'), 0);
INSERT INTO Reservation_Detail VALUES ('00076', '001', TO_DATE('2016-11-23', 'YYYY-MM-DD'), 0);
INSERT INTO Reservation_Detail VALUES ('00077', '001', TO_DATE('2016-11-23', 'YYYY-MM-DD'), 0);
INSERT INTO Reservation_Detail VALUES ('00078', '001', TO_DATE('2016-11-23', 'YYYY-MM-DD'), 0);
INSERT INTO Reservation_Detail VALUES ('00079', '001', TO_DATE('2016-11-23', 'YYYY-MM-DD'), 0);
INSERT INTO Reservation_Detail VALUES ('00080', '001', TO_DATE('2016-11-23', 'YYYY-MM-DD'), 0);
INSERT INTO Reservation_Detail VALUES ('00081', '001', TO_DATE('2016-11-23', 'YYYY-MM-DD'), 0);
INSERT INTO Reservation_Detail VALUES ('00082', '001', TO_DATE('2016-11-23', 'YYYY-MM-DD'), 0);
INSERT INTO Reservation_Detail VALUES ('00083', '001', TO_DATE('2016-11-23', 'YYYY-MM-DD'), 0);
INSERT INTO Reservation_Detail VALUES ('00084', '001', TO_DATE('2016-11-23', 'YYYY-MM-DD'), 0);
INSERT INTO Reservation_Detail VALUES ('00085', '001', TO_DATE('2016-11-23', 'YYYY-MM-DD'), 0);
INSERT INTO Reservation_Detail VALUES ('00086', '001', TO_DATE('2016-11-23', 'YYYY-MM-DD'), 0);
INSERT INTO Reservation_Detail VALUES ('00087', '001', TO_DATE('2016-11-23', 'YYYY-MM-DD'), 0);
INSERT INTO Reservation_Detail VALUES ('00088', '001', TO_DATE('2016-11-23', 'YYYY-MM-DD'), 0);
INSERT INTO Reservation_Detail VALUES ('00089', '001', TO_DATE('2016-11-23', 'YYYY-MM-DD'), 0);
INSERT INTO Reservation_Detail VALUES ('00090', '001', TO_DATE('2016-11-23', 'YYYY-MM-DD'), 0);
INSERT INTO Reservation_Detail VALUES ('00091', '001', TO_DATE('2016-11-23', 'YYYY-MM-DD'), 0);
INSERT INTO Reservation_Detail VALUES ('00092', '001', TO_DATE('2016-11-23', 'YYYY-MM-DD'), 0);
INSERT INTO Reservation_Detail VALUES ('00093', '001', TO_DATE('2016-11-23', 'YYYY-MM-DD'), 0);
INSERT INTO Reservation_Detail VALUES ('00094', '001', TO_DATE('2016-11-23', 'YYYY-MM-DD'), 0);
INSERT INTO Reservation_Detail VALUES ('00095', '001', TO_DATE('2016-11-23', 'YYYY-MM-DD'), 0);
INSERT INTO Reservation_Detail VALUES ('00096', '001', TO_DATE('2016-11-23', 'YYYY-MM-DD'), 0);
INSERT INTO Reservation_Detail VALUES ('00097', '001', TO_DATE('2016-11-23', 'YYYY-MM-DD'), 0);
INSERT INTO Reservation_Detail VALUES ('00098', '001', TO_DATE('2016-11-23', 'YYYY-MM-DD'), 0);
INSERT INTO Reservation_Detail VALUES ('00099', '001', TO_DATE('2016-11-23', 'YYYY-MM-DD'), 0);
INSERT INTO Reservation_Detail VALUES ('00100', '001', TO_DATE('2016-11-23', 'YYYY-MM-DD'), 0);
INSERT INTO Reservation_Detail VALUES ('00101', '001', TO_DATE('2016-11-23', 'YYYY-MM-DD'), 0);
INSERT INTO Reservation_Detail VALUES ('00102', '001', TO_DATE('2016-11-23', 'YYYY-MM-DD'), 0);
INSERT INTO Reservation_Detail VALUES ('00103', '001', TO_DATE('2016-11-23', 'YYYY-MM-DD'), 0);
INSERT INTO Reservation_Detail VALUES ('00104', '001', TO_DATE('2016-11-23', 'YYYY-MM-DD'), 0);
INSERT INTO Reservation_Detail VALUES ('00105', '001', TO_DATE('2016-11-23', 'YYYY-MM-DD'), 0);
INSERT INTO Reservation_Detail VALUES ('00106', '001', TO_DATE('2016-11-23', 'YYYY-MM-DD'), 0);
INSERT INTO Reservation_Detail VALUES ('00107', '001', TO_DATE('2016-11-23', 'YYYY-MM-DD'), 0);
INSERT INTO Reservation_Detail VALUES ('00108', '001', TO_DATE('2016-11-23', 'YYYY-MM-DD'), 0);
INSERT INTO Reservation_Detail VALUES ('00109', '001', TO_DATE('2016-11-23', 'YYYY-MM-DD'), 0);
INSERT INTO Reservation_Detail VALUES ('00110', '001', TO_DATE('2016-11-23', 'YYYY-MM-DD'), 0);
INSERT INTO Reservation_Detail VALUES ('00111', '001', TO_DATE('2016-11-23', 'YYYY-MM-DD'), 0);
INSERT INTO Reservation_Detail VALUES ('00112', '001', TO_DATE('2016-11-23', 'YYYY-MM-DD'), 0);
INSERT INTO Reservation_Detail VALUES ('00113', '001', TO_DATE('2016-11-23', 'YYYY-MM-DD'), 0);
INSERT INTO Reservation_Detail VALUES ('00114', '001', TO_DATE('2016-11-23', 'YYYY-MM-DD'), 0);
INSERT INTO Reservation_Detail VALUES ('00115', '001', TO_DATE('2016-11-23', 'YYYY-MM-DD'), 0);
INSERT INTO Reservation_Detail VALUES ('00116', '001', TO_DATE('2016-11-23', 'YYYY-MM-DD'), 0);
INSERT INTO Reservation_Detail VALUES ('00117', '001', TO_DATE('2016-11-23', 'YYYY-MM-DD'), 0);
INSERT INTO Reservation_Detail VALUES ('00118', '001', TO_DATE('2016-11-23', 'YYYY-MM-DD'), 0);
INSERT INTO Reservation_Detail VALUES ('00119', '001', TO_DATE('2016-11-23', 'YYYY-MM-DD'), 0);
INSERT INTO Reservation_Detail VALUES ('00120', '001', TO_DATE('2016-11-23', 'YYYY-MM-DD'), 0);
INSERT INTO Reservation_Detail VALUES ('00121', '001', TO_DATE('2016-11-23', 'YYYY-MM-DD'), 0);
INSERT INTO Reservation_Detail VALUES ('00122', '001', TO_DATE('2016-11-23', 'YYYY-MM-DD'), 0);
INSERT INTO Reservation_Detail VALUES ('00123', '001', TO_DATE('2016-11-23', 'YYYY-MM-DD'), 0);
INSERT INTO Reservation_Detail VALUES ('00124', '001', TO_DATE('2016-11-23', 'YYYY-MM-DD'), 0);
INSERT INTO Reservation_Detail VALUES ('00125', '001', TO_DATE('2016-11-23', 'YYYY-MM-DD'), 0);
INSERT INTO Reservation_Detail VALUES ('00126', '001', TO_DATE('2016-11-23', 'YYYY-MM-DD'), 0);
INSERT INTO Reservation_Detail VALUES ('00127', '001', TO_DATE('2016-11-23', 'YYYY-MM-DD'), 0);
INSERT INTO Reservation_Detail VALUES ('00128', '001', TO_DATE('2016-11-23', 'YYYY-MM-DD'), 0);
INSERT INTO Reservation_Detail VALUES ('00129', '001', TO_DATE('2016-11-23', 'YYYY-MM-DD'), 0);
INSERT INTO Reservation_Detail VALUES ('00130', '001', TO_DATE('2016-11-23', 'YYYY-MM-DD'), 0);
INSERT INTO Reservation_Detail VALUES ('00131', '001', TO_DATE('2016-11-23', 'YYYY-MM-DD'), 0);
INSERT INTO Reservation_Detail VALUES ('00132', '001', TO_DATE('2016-11-23', 'YYYY-MM-DD'), 0);
INSERT INTO Reservation_Detail VALUES ('00133', '001', TO_DATE('2016-11-23', 'YYYY-MM-DD'), 0);
INSERT INTO Reservation_Detail VALUES ('00134', '001', TO_DATE('2016-11-23', 'YYYY-MM-DD'), 0);
INSERT INTO Reservation_Detail VALUES ('00135', '001', TO_DATE('2016-11-23', 'YYYY-MM-DD'), 0);
INSERT INTO Reservation_Detail VALUES ('00136', '001', TO_DATE('2016-11-23', 'YYYY-MM-DD'), 0);
INSERT INTO Reservation_Detail VALUES ('00137', '001', TO_DATE('2016-11-23', 'YYYY-MM-DD'), 0);
INSERT INTO Reservation_Detail VALUES ('00138', '001', TO_DATE('2016-11-23', 'YYYY-MM-DD'), 0);
INSERT INTO Reservation_Detail VALUES ('00139', '001', TO_DATE('2016-11-23', 'YYYY-MM-DD'), 0);
INSERT INTO Reservation_Detail VALUES ('00140', '001', TO_DATE('2016-11-23', 'YYYY-MM-DD'), 0);
INSERT INTO Reservation_Detail VALUES ('00141', '001', TO_DATE('2016-11-23', 'YYYY-MM-DD'), 0);
INSERT INTO Reservation_Detail VALUES ('00142', '001', TO_DATE('2016-11-23', 'YYYY-MM-DD'), 0);
INSERT INTO Reservation_Detail VALUES ('00143', '001', TO_DATE('2016-11-23', 'YYYY-MM-DD'), 0);
INSERT INTO Reservation_Detail VALUES ('00144', '001', TO_DATE('2016-11-23', 'YYYY-MM-DD'), 0);
INSERT INTO Reservation_Detail VALUES ('00145', '001', TO_DATE('2016-11-23', 'YYYY-MM-DD'), 0);
INSERT INTO Reservation_Detail VALUES ('00146', '001', TO_DATE('2016-11-23', 'YYYY-MM-DD'), 0);
INSERT INTO Reservation_Detail VALUES ('00147', '001', TO_DATE('2016-11-23', 'YYYY-MM-DD'), 0);
INSERT INTO Reservation_Detail VALUES ('00148', '001', TO_DATE('2016-11-23', 'YYYY-MM-DD'), 0);
INSERT INTO Reservation_Detail VALUES ('00149', '001', TO_DATE('2016-11-23', 'YYYY-MM-DD'), 0);
INSERT INTO Reservation_Detail VALUES ('00150', '001', TO_DATE('2016-11-23', 'YYYY-MM-DD'), 0);
INSERT INTO Reservation_Detail VALUES ('00151', '002', TO_DATE('2016-11-23', 'YYYY-MM-DD'), 0);
INSERT INTO Reservation_Detail VALUES ('00152', '002', TO_DATE('2016-11-23', 'YYYY-MM-DD'), 0);
INSERT INTO Reservation_Detail VALUES ('00153', '002', TO_DATE('2016-11-23', 'YYYY-MM-DD'), 0);
INSERT INTO Reservation_Detail VALUES ('00154', '002', TO_DATE('2016-11-23', 'YYYY-MM-DD'), 0);
INSERT INTO Reservation_Detail VALUES ('00155', '002', TO_DATE('2016-11-23', 'YYYY-MM-DD'), 0);
INSERT INTO Reservation_Detail VALUES ('00156', '002', TO_DATE('2016-11-23', 'YYYY-MM-DD'), 0);
INSERT INTO Reservation_Detail VALUES ('00157', '002', TO_DATE('2016-11-23', 'YYYY-MM-DD'), 0);
INSERT INTO Reservation_Detail VALUES ('00158', '002', TO_DATE('2016-11-23', 'YYYY-MM-DD'), 0);
INSERT INTO Reservation_Detail VALUES ('00159', '002', TO_DATE('2016-11-23', 'YYYY-MM-DD'), 0);
INSERT INTO Reservation_Detail VALUES ('00160', '002', TO_DATE('2016-11-23', 'YYYY-MM-DD'), 0);
INSERT INTO Reservation_Detail VALUES ('00161', '002', TO_DATE('2016-11-23', 'YYYY-MM-DD'), 0);
INSERT INTO Reservation_Detail VALUES ('00162', '002', TO_DATE('2016-11-23', 'YYYY-MM-DD'), 0);
INSERT INTO Reservation_Detail VALUES ('00163', '002', TO_DATE('2016-11-23', 'YYYY-MM-DD'), 0);
INSERT INTO Reservation_Detail VALUES ('00164', '002', TO_DATE('2016-11-23', 'YYYY-MM-DD'), 0);
INSERT INTO Reservation_Detail VALUES ('00165', '002', TO_DATE('2016-11-23', 'YYYY-MM-DD'), 0);
INSERT INTO Reservation_Detail VALUES ('00166', '002', TO_DATE('2016-11-23', 'YYYY-MM-DD'), 0);
INSERT INTO Reservation_Detail VALUES ('00167', '002', TO_DATE('2016-11-23', 'YYYY-MM-DD'), 0);
INSERT INTO Reservation_Detail VALUES ('00168', '002', TO_DATE('2016-11-23', 'YYYY-MM-DD'), 0);
INSERT INTO Reservation_Detail VALUES ('00169', '002', TO_DATE('2016-11-23', 'YYYY-MM-DD'), 0);
INSERT INTO Reservation_Detail VALUES ('00170', '002', TO_DATE('2016-11-23', 'YYYY-MM-DD'), 0);
INSERT INTO Reservation_Detail VALUES ('00171', '002', TO_DATE('2016-11-23', 'YYYY-MM-DD'), 0);
INSERT INTO Reservation_Detail VALUES ('00172', '002', TO_DATE('2016-11-23', 'YYYY-MM-DD'), 0);
INSERT INTO Reservation_Detail VALUES ('00173', '002', TO_DATE('2016-11-23', 'YYYY-MM-DD'), 0);
INSERT INTO Reservation_Detail VALUES ('00174', '002', TO_DATE('2016-11-23', 'YYYY-MM-DD'), 0);
INSERT INTO Reservation_Detail VALUES ('00175', '002', TO_DATE('2016-11-23', 'YYYY-MM-DD'), 0);
INSERT INTO Reservation_Detail VALUES ('00176', '002', TO_DATE('2016-11-23', 'YYYY-MM-DD'), 0);
INSERT INTO Reservation_Detail VALUES ('00177', '002', TO_DATE('2016-11-23', 'YYYY-MM-DD'), 0);
INSERT INTO Reservation_Detail VALUES ('00178', '002', TO_DATE('2016-11-23', 'YYYY-MM-DD'), 0);
INSERT INTO Reservation_Detail VALUES ('00179', '002', TO_DATE('2016-11-23', 'YYYY-MM-DD'), 0);
INSERT INTO Reservation_Detail VALUES ('00180', '002', TO_DATE('2016-11-23', 'YYYY-MM-DD'), 0);
INSERT INTO Reservation_Detail VALUES ('00181', '002', TO_DATE('2016-11-23', 'YYYY-MM-DD'), 0);
INSERT INTO Reservation_Detail VALUES ('00182', '002', TO_DATE('2016-11-23', 'YYYY-MM-DD'), 0);
INSERT INTO Reservation_Detail VALUES ('00183', '002', TO_DATE('2016-11-23', 'YYYY-MM-DD'), 0);
INSERT INTO Reservation_Detail VALUES ('00184', '002', TO_DATE('2016-11-23', 'YYYY-MM-DD'), 0);
INSERT INTO Reservation_Detail VALUES ('00185', '002', TO_DATE('2016-11-23', 'YYYY-MM-DD'), 0);
INSERT INTO Reservation_Detail VALUES ('00186', '002', TO_DATE('2016-11-23', 'YYYY-MM-DD'), 0);
INSERT INTO Reservation_Detail VALUES ('00187', '002', TO_DATE('2016-11-23', 'YYYY-MM-DD'), 0);
INSERT INTO Reservation_Detail VALUES ('00188', '002', TO_DATE('2016-11-23', 'YYYY-MM-DD'), 0);
INSERT INTO Reservation_Detail VALUES ('00189', '002', TO_DATE('2016-11-23', 'YYYY-MM-DD'), 0);
INSERT INTO Reservation_Detail VALUES ('00190', '002', TO_DATE('2016-11-23', 'YYYY-MM-DD'), 0);
INSERT INTO Reservation_Detail VALUES ('00191', '002', TO_DATE('2016-11-23', 'YYYY-MM-DD'), 0);
INSERT INTO Reservation_Detail VALUES ('00192', '002', TO_DATE('2016-11-23', 'YYYY-MM-DD'), 0);
INSERT INTO Reservation_Detail VALUES ('00193', '002', TO_DATE('2016-11-23', 'YYYY-MM-DD'), 0);
INSERT INTO Reservation_Detail VALUES ('00194', '002', TO_DATE('2016-11-23', 'YYYY-MM-DD'), 0);
INSERT INTO Reservation_Detail VALUES ('00195', '002', TO_DATE('2016-11-23', 'YYYY-MM-DD'), 0);
INSERT INTO Reservation_Detail VALUES ('00196', '002', TO_DATE('2016-11-23', 'YYYY-MM-DD'), 0);
INSERT INTO Reservation_Detail VALUES ('00197', '002', TO_DATE('2016-11-23', 'YYYY-MM-DD'), 0);
INSERT INTO Reservation_Detail VALUES ('00198', '002', TO_DATE('2016-11-23', 'YYYY-MM-DD'), 0);
INSERT INTO Reservation_Detail VALUES ('00199', '002', TO_DATE('2016-11-23', 'YYYY-MM-DD'), 0);
INSERT INTO Reservation_Detail VALUES ('00200', '002', TO_DATE('2016-11-23', 'YYYY-MM-DD'), 0);
INSERT INTO Reservation_Detail VALUES ('00201', '002', TO_DATE('2016-11-23', 'YYYY-MM-DD'), 0);
INSERT INTO Reservation_Detail VALUES ('00202', '002', TO_DATE('2016-11-23', 'YYYY-MM-DD'), 0);
INSERT INTO Reservation_Detail VALUES ('00203', '002', TO_DATE('2016-11-23', 'YYYY-MM-DD'), 0);
INSERT INTO Reservation_Detail VALUES ('00204', '002', TO_DATE('2016-11-23', 'YYYY-MM-DD'), 0);
INSERT INTO Reservation_Detail VALUES ('00205', '002', TO_DATE('2016-11-23', 'YYYY-MM-DD'), 0);
INSERT INTO Reservation_Detail VALUES ('00206', '002', TO_DATE('2016-11-23', 'YYYY-MM-DD'), 0);
INSERT INTO Reservation_Detail VALUES ('00207', '002', TO_DATE('2016-11-23', 'YYYY-MM-DD'), 0);
INSERT INTO Reservation_Detail VALUES ('00208', '002', TO_DATE('2016-11-23', 'YYYY-MM-DD'), 0);
INSERT INTO Reservation_Detail VALUES ('00209', '002', TO_DATE('2016-11-23', 'YYYY-MM-DD'), 0);
INSERT INTO Reservation_Detail VALUES ('00210', '002', TO_DATE('2016-11-23', 'YYYY-MM-DD'), 0);
INSERT INTO Reservation_Detail VALUES ('00211', '002', TO_DATE('2016-11-23', 'YYYY-MM-DD'), 0);
INSERT INTO Reservation_Detail VALUES ('00212', '002', TO_DATE('2016-11-23', 'YYYY-MM-DD'), 0);
INSERT INTO Reservation_Detail VALUES ('00213', '002', TO_DATE('2016-11-23', 'YYYY-MM-DD'), 0);
INSERT INTO Reservation_Detail VALUES ('00214', '002', TO_DATE('2016-11-23', 'YYYY-MM-DD'), 0);
INSERT INTO Reservation_Detail VALUES ('00215', '002', TO_DATE('2016-11-23', 'YYYY-MM-DD'), 0);
INSERT INTO Reservation_Detail VALUES ('00216', '002', TO_DATE('2016-11-23', 'YYYY-MM-DD'), 0);
INSERT INTO Reservation_Detail VALUES ('00217', '002', TO_DATE('2016-11-23', 'YYYY-MM-DD'), 0);
INSERT INTO Reservation_Detail VALUES ('00218', '002', TO_DATE('2016-11-23', 'YYYY-MM-DD'), 0);
INSERT INTO Reservation_Detail VALUES ('00219', '002', TO_DATE('2016-11-23', 'YYYY-MM-DD'), 0);
INSERT INTO Reservation_Detail VALUES ('00220', '002', TO_DATE('2016-11-23', 'YYYY-MM-DD'), 0);
INSERT INTO Reservation_Detail VALUES ('00221', '002', TO_DATE('2016-11-23', 'YYYY-MM-DD'), 0);
INSERT INTO Reservation_Detail VALUES ('00222', '002', TO_DATE('2016-11-23', 'YYYY-MM-DD'), 0);
INSERT INTO Reservation_Detail VALUES ('00223', '002', TO_DATE('2016-11-23', 'YYYY-MM-DD'), 0);
INSERT INTO Reservation_Detail VALUES ('00224', '002', TO_DATE('2016-11-23', 'YYYY-MM-DD'), 0);
INSERT INTO Reservation_Detail VALUES ('00225', '002', TO_DATE('2016-11-23', 'YYYY-MM-DD'), 0);
INSERT INTO Reservation_Detail VALUES ('00226', '002', TO_DATE('2016-11-23', 'YYYY-MM-DD'), 0);
INSERT INTO Reservation_Detail VALUES ('00227', '002', TO_DATE('2016-11-23', 'YYYY-MM-DD'), 0);
INSERT INTO Reservation_Detail VALUES ('00228', '002', TO_DATE('2016-11-23', 'YYYY-MM-DD'), 0);
INSERT INTO Reservation_Detail VALUES ('00229', '002', TO_DATE('2016-11-23', 'YYYY-MM-DD'), 0);
INSERT INTO Reservation_Detail VALUES ('00230', '002', TO_DATE('2016-11-23', 'YYYY-MM-DD'), 0);
INSERT INTO Reservation_Detail VALUES ('00231', '002', TO_DATE('2016-11-23', 'YYYY-MM-DD'), 0);
INSERT INTO Reservation_Detail VALUES ('00232', '002', TO_DATE('2016-11-23', 'YYYY-MM-DD'), 0);
INSERT INTO Reservation_Detail VALUES ('00233', '002', TO_DATE('2016-11-23', 'YYYY-MM-DD'), 0);
INSERT INTO Reservation_Detail VALUES ('00234', '002', TO_DATE('2016-11-23', 'YYYY-MM-DD'), 0);
INSERT INTO Reservation_Detail VALUES ('00235', '002', TO_DATE('2016-11-23', 'YYYY-MM-DD'), 0);
INSERT INTO Reservation_Detail VALUES ('00236', '002', TO_DATE('2016-11-23', 'YYYY-MM-DD'), 0);
INSERT INTO Reservation_Detail VALUES ('00237', '002', TO_DATE('2016-11-23', 'YYYY-MM-DD'), 0);
INSERT INTO Reservation_Detail VALUES ('00238', '002', TO_DATE('2016-11-23', 'YYYY-MM-DD'), 0);
INSERT INTO Reservation_Detail VALUES ('00239', '002', TO_DATE('2016-11-23', 'YYYY-MM-DD'), 0);
INSERT INTO Reservation_Detail VALUES ('00240', '002', TO_DATE('2016-11-23', 'YYYY-MM-DD'), 0);
INSERT INTO Reservation_Detail VALUES ('00241', '002', TO_DATE('2016-11-23', 'YYYY-MM-DD'), 0);
INSERT INTO Reservation_Detail VALUES ('00242', '002', TO_DATE('2016-11-23', 'YYYY-MM-DD'), 0);
INSERT INTO Reservation_Detail VALUES ('00243', '002', TO_DATE('2016-11-23', 'YYYY-MM-DD'), 0);
INSERT INTO Reservation_Detail VALUES ('00244', '002', TO_DATE('2016-11-23', 'YYYY-MM-DD'), 0);
INSERT INTO Reservation_Detail VALUES ('00245', '002', TO_DATE('2016-11-23', 'YYYY-MM-DD'), 0);
INSERT INTO Reservation_Detail VALUES ('00246', '002', TO_DATE('2016-11-23', 'YYYY-MM-DD'), 0);
INSERT INTO Reservation_Detail VALUES ('00247', '002', TO_DATE('2016-11-23', 'YYYY-MM-DD'), 0);
INSERT INTO Reservation_Detail VALUES ('00248', '002', TO_DATE('2016-11-23', 'YYYY-MM-DD'), 0);
INSERT INTO Reservation_Detail VALUES ('00249', '002', TO_DATE('2016-11-23', 'YYYY-MM-DD'), 0);
INSERT INTO Reservation_Detail VALUES ('00250', '002', TO_DATE('2016-11-23', 'YYYY-MM-DD'), 0);
INSERT INTO Reservation_Detail VALUES ('00251', '002', TO_DATE('2016-11-23', 'YYYY-MM-DD'), 0);
INSERT INTO Reservation_Detail VALUES ('00252', '002', TO_DATE('2016-11-23', 'YYYY-MM-DD'), 0);
INSERT INTO Reservation_Detail VALUES ('00253', '002', TO_DATE('2016-11-23', 'YYYY-MM-DD'), 0);
INSERT INTO Reservation_Detail VALUES ('00254', '002', TO_DATE('2016-11-23', 'YYYY-MM-DD'), 0);
INSERT INTO Reservation_Detail VALUES ('00255', '002', TO_DATE('2016-11-23', 'YYYY-MM-DD'), 0);
INSERT INTO Reservation_Detail VALUES ('00256', '002', TO_DATE('2016-11-23', 'YYYY-MM-DD'), 0);
INSERT INTO Reservation_Detail VALUES ('00257', '002', TO_DATE('2016-11-23', 'YYYY-MM-DD'), 0);
INSERT INTO Reservation_Detail VALUES ('00258', '002', TO_DATE('2016-11-23', 'YYYY-MM-DD'), 0);
INSERT INTO Reservation_Detail VALUES ('00259', '002', TO_DATE('2016-11-23', 'YYYY-MM-DD'), 0);
INSERT INTO Reservation_Detail VALUES ('00260', '002', TO_DATE('2016-11-23', 'YYYY-MM-DD'), 0);
INSERT INTO Reservation_Detail VALUES ('00261', '002', TO_DATE('2016-11-23', 'YYYY-MM-DD'), 0);
INSERT INTO Reservation_Detail VALUES ('00262', '002', TO_DATE('2016-11-23', 'YYYY-MM-DD'), 0);
INSERT INTO Reservation_Detail VALUES ('00263', '002', TO_DATE('2016-11-23', 'YYYY-MM-DD'), 0);
INSERT INTO Reservation_Detail VALUES ('00264', '002', TO_DATE('2016-11-23', 'YYYY-MM-DD'), 0);
INSERT INTO Reservation_Detail VALUES ('00265', '002', TO_DATE('2016-11-23', 'YYYY-MM-DD'), 0);
INSERT INTO Reservation_Detail VALUES ('00266', '002', TO_DATE('2016-11-23', 'YYYY-MM-DD'), 0);
INSERT INTO Reservation_Detail VALUES ('00267', '002', TO_DATE('2016-11-23', 'YYYY-MM-DD'), 0);
INSERT INTO Reservation_Detail VALUES ('00268', '002', TO_DATE('2016-11-23', 'YYYY-MM-DD'), 0);
INSERT INTO Reservation_Detail VALUES ('00269', '002', TO_DATE('2016-11-23', 'YYYY-MM-DD'), 0);
INSERT INTO Reservation_Detail VALUES ('00270', '002', TO_DATE('2016-11-23', 'YYYY-MM-DD'), 0);
INSERT INTO Reservation_Detail VALUES ('00271', '002', TO_DATE('2016-11-23', 'YYYY-MM-DD'), 0);
INSERT INTO Reservation_Detail VALUES ('00272', '002', TO_DATE('2016-11-23', 'YYYY-MM-DD'), 0);
INSERT INTO Reservation_Detail VALUES ('00273', '002', TO_DATE('2016-11-23', 'YYYY-MM-DD'), 0);
INSERT INTO Reservation_Detail VALUES ('00274', '002', TO_DATE('2016-11-23', 'YYYY-MM-DD'), 0);
INSERT INTO Reservation_Detail VALUES ('00275', '002', TO_DATE('2016-11-23', 'YYYY-MM-DD'), 0);
INSERT INTO Reservation_Detail VALUES ('00276', '002', TO_DATE('2016-11-23', 'YYYY-MM-DD'), 0);
INSERT INTO Reservation_Detail VALUES ('00277', '002', TO_DATE('2016-11-23', 'YYYY-MM-DD'), 0);
INSERT INTO Reservation_Detail VALUES ('00278', '002', TO_DATE('2016-11-23', 'YYYY-MM-DD'), 0);
INSERT INTO Reservation_Detail VALUES ('00279', '002', TO_DATE('2016-11-23', 'YYYY-MM-DD'), 0);
INSERT INTO Reservation_Detail VALUES ('00280', '002', TO_DATE('2016-11-23', 'YYYY-MM-DD'), 0);
INSERT INTO Reservation_Detail VALUES ('00281', '002', TO_DATE('2016-11-23', 'YYYY-MM-DD'), 0);
INSERT INTO Reservation_Detail VALUES ('00282', '002', TO_DATE('2016-11-23', 'YYYY-MM-DD'), 0);
INSERT INTO Reservation_Detail VALUES ('00283', '002', TO_DATE('2016-11-23', 'YYYY-MM-DD'), 0);
INSERT INTO Reservation_Detail VALUES ('00284', '002', TO_DATE('2016-11-23', 'YYYY-MM-DD'), 0);
INSERT INTO Reservation_Detail VALUES ('00285', '002', TO_DATE('2016-11-23', 'YYYY-MM-DD'), 0);
INSERT INTO Reservation_Detail VALUES ('00286', '002', TO_DATE('2016-11-23', 'YYYY-MM-DD'), 0);
INSERT INTO Reservation_Detail VALUES ('00287', '002', TO_DATE('2016-11-23', 'YYYY-MM-DD'), 0);
INSERT INTO Reservation_Detail VALUES ('00288', '002', TO_DATE('2016-11-23', 'YYYY-MM-DD'), 0);
INSERT INTO Reservation_Detail VALUES ('00289', '002', TO_DATE('2016-11-23', 'YYYY-MM-DD'), 0);
INSERT INTO Reservation_Detail VALUES ('00290', '002', TO_DATE('2016-11-23', 'YYYY-MM-DD'), 0);
INSERT INTO Reservation_Detail VALUES ('00291', '002', TO_DATE('2016-11-23', 'YYYY-MM-DD'), 0);
INSERT INTO Reservation_Detail VALUES ('00292', '002', TO_DATE('2016-11-23', 'YYYY-MM-DD'), 0);
INSERT INTO Reservation_Detail VALUES ('00293', '002', TO_DATE('2016-11-23', 'YYYY-MM-DD'), 0);
INSERT INTO Reservation_Detail VALUES ('00294', '002', TO_DATE('2016-11-23', 'YYYY-MM-DD'), 0);
INSERT INTO Reservation_Detail VALUES ('00295', '002', TO_DATE('2016-11-23', 'YYYY-MM-DD'), 0);
INSERT INTO Reservation_Detail VALUES ('00296', '002', TO_DATE('2016-11-23', 'YYYY-MM-DD'), 0);
INSERT INTO Reservation_Detail VALUES ('00297', '002', TO_DATE('2016-11-23', 'YYYY-MM-DD'), 0);
INSERT INTO Reservation_Detail VALUES ('00298', '002', TO_DATE('2016-11-23', 'YYYY-MM-DD'), 0);
INSERT INTO Reservation_Detail VALUES ('00299', '002', TO_DATE('2016-11-23', 'YYYY-MM-DD'), 0);
INSERT INTO Reservation_Detail VALUES ('00300', '002', TO_DATE('2016-11-23', 'YYYY-MM-DD'), 0);
